,Date,Aula,Month,Temperatura,Humidity
0,2023-06-09 07:00:00,A-11,6,26.0,61.5
1,2023-06-09 08:00:00,A-11,6,26.15,62.0
2,2023-06-09 09:00:00,A-11,6,26.800000000000004,60.5
3,2023-06-20 22:00:00,A-11,6,27.0,61.5
4,2023-06-20 23:00:00,A-11,6,26.90000000000001,62.0
5,2023-06-21 00:00:00,A-11,6,26.90000000000001,61.0
6,2023-06-21 01:00:00,A-11,6,26.8,60.5
7,2023-06-21 04:00:00,A-11,6,26.599999999999994,62.5
8,2023-06-21 05:00:00,A-11,6,26.55,65.0
9,2023-06-21 06:00:00,A-11,6,26.55,64.0
10,2023-06-21 07:00:00,A-11,6,26.599999999999994,63.5
11,2023-06-21 08:00:00,A-11,6,26.65,63.0
12,2023-06-21 09:00:00,A-11,6,26.95,62.0
13,2023-06-21 10:00:00,A-11,6,27.5,60.5
14,2023-06-21 15:00:00,A-11,6,28.099999999999994,60.5
15,2023-06-21 16:00:00,A-11,6,28.05,61.0
16,2023-06-21 17:00:00,A-11,6,27.950000000000003,61.0
17,2023-06-21 18:00:00,A-11,6,27.90000000000001,61.5
18,2023-06-21 19:00:00,A-11,6,27.8,62.0
19,2023-06-21 20:00:00,A-11,6,27.8,62.0
20,2023-06-21 21:00:00,A-11,6,27.700000000000003,62.0
21,2023-06-21 22:00:00,A-11,6,27.599999999999994,62.0
22,2023-06-21 23:00:00,A-11,6,27.599999999999994,62.0
23,2023-06-22 00:00:00,A-11,6,27.55,62.0
24,2023-06-22 01:00:00,A-11,6,27.5,62.0
25,2023-06-22 02:00:00,A-11,6,27.5,62.0
26,2023-06-22 03:00:00,A-11,6,27.5,61.5
27,2023-06-22 04:00:00,A-11,6,27.450000000000003,61.0
28,2023-06-22 05:00:00,A-11,6,27.40000000000001,60.5
29,2023-06-27 04:00:00,A-11,6,29.40000000000001,61.0
30,2023-06-28 06:00:00,A-11,6,29.15,61.0
31,2023-06-28 07:00:00,A-11,6,29.099999999999994,62.0
32,2023-06-28 08:00:00,A-11,6,29.15,61.5
33,2023-06-28 09:00:00,A-11,6,29.3,60.5
34,2023-09-13 00:00:00,A-11,9,27.599999999999994,61.5
35,2023-09-13 01:00:00,A-11,9,27.5,60.5
36,2023-09-13 02:00:00,A-11,9,27.40000000000001,60.5
37,2023-09-13 03:00:00,A-11,9,27.40000000000001,61.0
38,2023-09-13 04:00:00,A-11,9,27.35,60.5
39,2023-09-13 09:00:00,A-11,9,27.8,61.0
40,2023-09-15 12:00:00,A-11,9,28.65,61.5
41,2023-09-15 13:00:00,A-11,9,28.0,61.5
42,2023-09-15 14:00:00,A-11,9,26.85,68.0
43,2023-09-15 15:00:00,A-11,9,27.05,66.0
44,2023-09-15 16:00:00,A-11,9,26.85,65.5
45,2023-09-15 17:00:00,A-11,9,26.450000000000003,64.0
46,2023-09-15 18:00:00,A-11,9,26.3,63.5
47,2023-09-15 19:00:00,A-11,9,26.55,63.0
48,2023-09-15 20:00:00,A-11,9,26.85,63.5
49,2023-09-15 21:00:00,A-11,9,26.65,63.0
50,2023-09-15 22:00:00,A-11,9,26.450000000000003,62.0
51,2023-09-15 23:00:00,A-11,9,26.35,61.5
52,2023-09-18 00:00:00,A-11,9,26.90000000000001,67.0
53,2023-09-18 01:00:00,A-11,9,26.90000000000001,67.0
54,2023-09-18 02:00:00,A-11,9,26.90000000000001,67.0
55,2023-09-18 03:00:00,A-11,9,26.90000000000001,67.0
56,2023-09-18 04:00:00,A-11,9,26.90000000000001,66.5
57,2023-09-18 05:00:00,A-11,9,26.8,66.0
58,2023-09-18 06:00:00,A-11,9,26.8,66.5
59,2023-09-18 07:00:00,A-11,9,26.700000000000003,66.0
60,2023-09-18 08:00:00,A-11,9,26.9,64.0
61,2023-09-18 09:00:00,A-11,9,27.550000000000004,61.0
62,2023-09-28 07:00:00,A-11,9,25.700000000000003,61.0
63,2023-09-28 08:00:00,A-11,9,25.700000000000003,62.0
64,2023-09-28 09:00:00,A-11,9,26.4,64.0
65,2023-09-28 10:00:00,A-11,9,27.1,62.0
66,2023-09-29 09:00:00,A-11,9,26.349999999999994,61.0
67,2023-10-02 01:00:00,A-11,10,26.5,60.5
68,2023-10-02 02:00:00,A-11,10,26.450000000000003,61.0
69,2023-10-02 03:00:00,A-11,10,26.35,61.0
70,2023-10-02 04:00:00,A-11,10,26.3,61.0
71,2023-10-02 05:00:00,A-11,10,26.25,61.5
72,2023-10-02 06:00:00,A-11,10,26.200000000000003,62.0
73,2023-10-02 07:00:00,A-11,10,26.05,64.0
74,2023-10-02 08:00:00,A-11,10,25.90000000000001,65.0
75,2023-10-02 09:00:00,A-11,10,26.75,64.5
76,2023-10-02 10:00:00,A-11,10,27.300000000000004,62.5
77,2023-10-02 11:00:00,A-11,10,27.45,61.0
78,2023-10-02 18:00:00,A-11,10,28.05,60.5
79,2023-10-02 19:00:00,A-11,10,27.9,62.0
80,2023-10-02 20:00:00,A-11,10,27.200000000000003,64.0
81,2023-10-02 21:00:00,A-11,10,27.40000000000001,62.5
82,2023-10-02 22:00:00,A-11,10,27.3,62.0
83,2023-10-02 23:00:00,A-11,10,27.25,62.0
84,2023-10-03 00:00:00,A-11,10,27.099999999999994,62.0
85,2023-10-03 01:00:00,A-11,10,26.950000000000003,63.0
86,2023-10-03 02:00:00,A-11,10,26.85,63.0
87,2023-10-03 03:00:00,A-11,10,26.75,63.0
88,2023-10-03 04:00:00,A-11,10,26.55,62.5
89,2023-10-03 05:00:00,A-11,10,26.40000000000001,62.0
90,2023-10-03 06:00:00,A-11,10,26.35,62.0
91,2023-10-03 07:00:00,A-11,10,25.766666666666666,63.0
92,2023-10-03 08:00:00,A-11,10,26.550000000000004,63.5
93,2023-10-03 09:00:00,A-11,10,27.6,61.5
94,2023-10-03 10:00:00,A-11,10,28.1,61.0
95,2023-10-03 11:00:00,A-11,10,28.3,61.0
96,2023-10-03 17:00:00,A-11,10,27.2,61.0
97,2023-10-03 18:00:00,A-11,10,27.15,63.0
98,2023-10-03 19:00:00,A-11,10,26.85,64.5
99,2023-10-03 20:00:00,A-11,10,26.6,64.5
100,2023-10-03 21:00:00,A-11,10,26.8,62.5
101,2023-10-03 22:00:00,A-11,10,26.8,62.0
102,2023-10-03 23:00:00,A-11,10,26.8,62.0
103,2023-10-04 00:00:00,A-11,10,26.75,62.0
104,2023-10-04 01:00:00,A-11,10,26.75,62.0
105,2023-10-04 02:00:00,A-11,10,26.700000000000003,61.0
106,2023-10-04 03:00:00,A-11,10,26.65,61.0
107,2023-10-04 04:00:00,A-11,10,26.599999999999994,61.0
108,2023-10-04 05:00:00,A-11,10,26.599999999999994,61.0
109,2023-10-04 06:00:00,A-11,10,26.55,61.0
110,2023-10-05 07:00:00,A-11,10,26.55,62.0
111,2023-10-05 08:00:00,A-11,10,26.35,65.5
112,2023-10-05 09:00:00,A-11,10,27.0,66.0
113,2023-10-05 10:00:00,A-11,10,27.4,63.5
114,2023-10-05 11:00:00,A-11,10,27.05,62.5
115,2023-10-05 12:00:00,A-11,10,27.950000000000003,61.0
116,2023-10-05 13:00:00,A-11,10,27.550000000000004,61.0
117,2023-10-05 14:00:00,A-11,10,27.25,61.0
118,2023-10-05 15:00:00,A-11,10,27.099999999999994,62.5
119,2023-10-05 16:00:00,A-11,10,27.450000000000003,63.5
120,2023-10-05 17:00:00,A-11,10,27.65,61.5
121,2023-10-05 20:00:00,A-11,10,27.5,61.0
122,2023-10-05 22:00:00,A-11,10,27.200000000000003,61.0
123,2023-10-05 23:00:00,A-11,10,27.099999999999994,61.0
124,2023-10-06 00:00:00,A-11,10,26.950000000000003,61.0
125,2023-10-06 01:00:00,A-11,10,26.90000000000001,61.0
126,2023-10-06 02:00:00,A-11,10,26.8,61.0
127,2023-10-06 03:00:00,A-11,10,26.8,60.5
128,2023-10-06 07:00:00,A-11,10,26.433333333333334,60.66666666666666
129,2023-10-06 08:00:00,A-11,10,26.75,62.5
130,2023-10-06 09:00:00,A-11,10,27.700000000000003,63.0
131,2023-10-06 10:00:00,A-11,10,28.0,60.5
132,2023-10-06 17:00:00,A-11,10,27.450000000000003,60.5
133,2023-10-06 18:00:00,A-11,10,27.75,60.5
134,2023-10-06 19:00:00,A-11,10,27.65,60.5
135,2023-10-09 00:00:00,A-11,10,26.099999999999994,62.0
136,2023-10-09 01:00:00,A-11,10,25.950000000000003,62.0
137,2023-10-09 02:00:00,A-11,10,25.85,61.5
138,2023-10-09 03:00:00,A-11,10,25.8,61.0
139,2023-10-09 04:00:00,A-11,10,25.700000000000003,61.0
140,2023-10-09 05:00:00,A-11,10,25.566666666666663,61.0
141,2023-10-09 06:00:00,A-11,10,25.35,61.5
142,2023-10-09 08:00:00,A-11,10,25.25,62.0
143,2023-10-09 09:00:00,A-11,10,26.6,61.5
144,2023-10-10 08:00:00,A-11,10,26.25,61.0
145,2023-10-10 19:00:00,A-11,10,26.800000000000004,60.5
146,2023-10-11 08:00:00,A-11,10,25.1,60.5
147,2023-10-11 09:00:00,A-11,10,26.45,61.0
148,2023-10-11 20:00:00,A-11,10,26.45,60.5
149,2023-10-11 21:00:00,A-11,10,26.5,60.5
150,2023-10-13 08:00:00,A-11,10,25.35,60.5
151,2023-10-13 09:00:00,A-11,10,26.349999999999994,62.5
152,2023-10-13 10:00:00,A-11,10,26.75,62.0
153,2023-10-13 18:00:00,A-11,10,26.700000000000003,61.5
154,2023-10-13 19:00:00,A-11,10,26.950000000000003,62.5
155,2023-10-13 20:00:00,A-11,10,26.7,61.5
156,2023-10-13 21:00:00,A-11,10,26.450000000000003,61.0
157,2023-10-13 22:00:00,A-11,10,26.25,61.0
158,2023-10-13 23:00:00,A-11,10,26.0,60.5
159,2023-10-17 12:00:00,A-11,10,25.3,64.0
160,2023-10-17 13:00:00,A-11,10,25.5,64.0
161,2023-10-17 14:00:00,A-11,10,25.25,63.0
162,2023-10-17 15:00:00,A-11,10,25.45,63.5
163,2023-10-17 16:00:00,A-11,10,25.75,63.0
164,2023-10-17 17:00:00,A-11,10,25.8,63.5
165,2023-10-17 18:00:00,A-11,10,25.55,65.0
166,2023-10-17 19:00:00,A-11,10,25.35,67.0
167,2023-10-17 20:00:00,A-11,10,25.05,67.0
168,2023-10-18 09:00:00,A-11,10,25.1,76.0
169,2023-10-18 10:00:00,A-11,10,25.800000000000004,71.5
170,2023-10-18 11:00:00,A-11,10,25.65,69.0
171,2023-10-18 12:00:00,A-11,10,25.950000000000003,67.0
172,2023-10-18 13:00:00,A-11,10,26.05,65.5
173,2023-10-18 14:00:00,A-11,10,25.75,65.5
174,2023-10-18 15:00:00,A-11,10,25.950000000000003,65.5
175,2023-10-18 16:00:00,A-11,10,26.300000000000004,63.5
176,2023-10-18 17:00:00,A-11,10,26.450000000000003,60.5
177,2023-10-19 21:00:00,A-11,10,25.40000000000001,62.0
178,2023-10-19 22:00:00,A-11,10,25.3,62.5
179,2023-10-19 23:00:00,A-11,10,25.25,64.0
180,2023-10-20 00:00:00,A-11,10,25.05,61.5
181,2023-06-09 07:00:00,A-12,6,26.2,61.0
182,2023-06-09 08:00:00,A-12,6,26.15,61.5
183,2023-06-20 22:00:00,A-12,6,27.05,61.5
184,2023-06-20 23:00:00,A-12,6,26.950000000000003,61.5
185,2023-06-21 00:00:00,A-12,6,26.90000000000001,61.0
186,2023-06-21 01:00:00,A-12,6,26.85,60.5
187,2023-06-21 04:00:00,A-12,6,26.700000000000003,62.5
188,2023-06-21 05:00:00,A-12,6,26.65,64.0
189,2023-06-21 06:00:00,A-12,6,26.599999999999994,64.0
190,2023-06-21 07:00:00,A-12,6,26.65,63.0
191,2023-06-21 08:00:00,A-12,6,26.700000000000003,62.5
192,2023-06-21 09:00:00,A-12,6,27.0,61.5
193,2023-06-21 15:00:00,A-12,6,28.15,60.5
194,2023-06-21 16:00:00,A-12,6,28.099999999999994,61.0
195,2023-06-21 17:00:00,A-12,6,27.950000000000003,61.0
196,2023-06-21 18:00:00,A-12,6,27.85,61.5
197,2023-06-21 19:00:00,A-12,6,27.85,62.0
198,2023-06-21 20:00:00,A-12,6,27.8,62.0
199,2023-06-21 21:00:00,A-12,6,27.700000000000003,62.0
200,2023-06-21 22:00:00,A-12,6,27.599999999999994,62.0
201,2023-06-21 23:00:00,A-12,6,27.599999999999994,62.0
202,2023-06-22 00:00:00,A-12,6,27.5,62.0
203,2023-06-22 01:00:00,A-12,6,27.5,62.0
204,2023-06-22 02:00:00,A-12,6,27.5,62.0
205,2023-06-22 03:00:00,A-12,6,27.5,61.5
206,2023-06-22 04:00:00,A-12,6,27.40000000000001,61.0
207,2023-06-22 05:00:00,A-12,6,27.40000000000001,61.0
208,2023-06-27 04:00:00,A-12,6,29.25,61.0
209,2023-06-27 05:00:00,A-12,6,29.15,60.5
210,2023-06-28 05:00:00,A-12,6,29.099999999999994,60.5
211,2023-06-28 06:00:00,A-12,6,29.05,61.0
212,2023-06-28 07:00:00,A-12,6,29.0,62.0
213,2023-06-28 08:00:00,A-12,6,29.099999999999994,61.5
214,2023-06-28 09:00:00,A-12,6,29.200000000000003,60.5
215,2023-09-13 00:00:00,A-12,9,27.599999999999994,61.5
216,2023-09-13 02:00:00,A-12,9,27.450000000000003,60.5
217,2023-09-13 03:00:00,A-12,9,27.40000000000001,61.0
218,2023-09-13 04:00:00,A-12,9,27.35,60.5
219,2023-09-15 12:00:00,A-12,9,27.2,63.5
220,2023-09-15 13:00:00,A-12,9,26.75,65.0
221,2023-09-15 14:00:00,A-12,9,26.300000000000004,70.5
222,2023-09-15 15:00:00,A-12,9,26.8,66.5
223,2023-09-15 16:00:00,A-12,9,26.65,65.5
224,2023-09-15 17:00:00,A-12,9,26.35,64.5
225,2023-09-15 18:00:00,A-12,9,26.25,63.5
226,2023-09-15 19:00:00,A-12,9,26.45,63.0
227,2023-09-15 20:00:00,A-12,9,26.65,64.0
228,2023-09-15 21:00:00,A-12,9,26.450000000000003,63.0
229,2023-09-15 22:00:00,A-12,9,26.35,62.0
230,2023-09-15 23:00:00,A-12,9,26.3,62.0
231,2023-09-18 00:00:00,A-12,9,27.0,66.33333333333333
232,2023-09-18 01:00:00,A-12,9,26.90000000000001,66.0
233,2023-09-18 02:00:00,A-12,9,26.90000000000001,66.5
234,2023-09-18 03:00:00,A-12,9,26.90000000000001,66.5
235,2023-09-18 04:00:00,A-12,9,26.90000000000001,67.0
236,2023-09-18 05:00:00,A-12,9,26.90000000000001,66.0
237,2023-09-18 06:00:00,A-12,9,26.8,66.0
238,2023-09-18 07:00:00,A-12,9,26.75,65.5
239,2023-09-18 08:00:00,A-12,9,26.700000000000003,64.5
240,2023-09-18 09:00:00,A-12,9,27.25,63.0
241,2023-09-27 19:00:00,A-12,9,27.0,61.0
242,2023-09-27 20:00:00,A-12,9,26.75,60.5
243,2023-09-28 07:00:00,A-12,9,25.85,60.5
244,2023-09-28 08:00:00,A-12,9,25.8,61.0
245,2023-09-28 09:00:00,A-12,9,26.450000000000003,63.0
246,2023-09-28 10:00:00,A-12,9,27.3,61.5
247,2023-10-02 04:00:00,A-12,10,26.55,60.5
248,2023-10-02 05:00:00,A-12,10,26.5,61.0
249,2023-10-02 06:00:00,A-12,10,26.5,61.5
250,2023-10-02 07:00:00,A-12,10,26.300000000000004,63.5
251,2023-10-02 08:00:00,A-12,10,26.05,64.5
252,2023-10-02 09:00:00,A-12,10,26.65,62.5
253,2023-10-02 10:00:00,A-12,10,26.950000000000003,61.0
254,2023-10-02 18:00:00,A-12,10,28.0,61.5
255,2023-10-02 19:00:00,A-12,10,27.85,62.5
256,2023-10-02 20:00:00,A-12,10,27.40000000000001,63.5
257,2023-10-02 21:00:00,A-12,10,27.35,63.0
258,2023-10-02 22:00:00,A-12,10,27.25,62.0
259,2023-10-02 23:00:00,A-12,10,27.15,63.0
260,2023-10-03 00:00:00,A-12,10,27.05,63.0
261,2023-10-03 01:00:00,A-12,10,26.950000000000003,63.0
262,2023-10-03 02:00:00,A-12,10,26.8,63.0
263,2023-10-03 03:00:00,A-12,10,26.700000000000003,63.0
264,2023-10-03 04:00:00,A-12,10,26.55,62.0
265,2023-10-03 05:00:00,A-12,10,26.450000000000003,62.0
266,2023-10-03 06:00:00,A-12,10,26.40000000000001,62.0
267,2023-10-03 07:00:00,A-12,10,26.3,61.5
268,2023-10-03 08:00:00,A-12,10,27.05,61.0
269,2023-10-03 18:00:00,A-12,10,27.05,62.5
270,2023-10-03 19:00:00,A-12,10,26.65,64.5
271,2023-10-03 20:00:00,A-12,10,26.6,64.0
272,2023-10-03 21:00:00,A-12,10,26.90000000000001,62.0
273,2023-10-03 22:00:00,A-12,10,26.950000000000003,61.5
274,2023-10-03 23:00:00,A-12,10,26.90000000000001,61.0
275,2023-10-04 00:00:00,A-12,10,26.85,61.0
276,2023-10-04 01:00:00,A-12,10,26.85,61.0
277,2023-10-04 02:00:00,A-12,10,26.8,61.0
278,2023-10-04 03:00:00,A-12,10,26.8,61.0
279,2023-10-04 04:00:00,A-12,10,26.700000000000003,61.0
280,2023-10-04 05:00:00,A-12,10,26.700000000000003,61.0
281,2023-10-05 00:00:00,A-12,10,26.800000000000004,60.5
282,2023-10-05 01:00:00,A-12,10,26.55,61.0
283,2023-10-05 02:00:00,A-12,10,26.450000000000003,61.0
284,2023-10-05 03:00:00,A-12,10,26.35,61.0
285,2023-10-05 04:00:00,A-12,10,26.25,62.0
286,2023-10-05 05:00:00,A-12,10,26.25,62.5
287,2023-10-05 06:00:00,A-12,10,26.099999999999994,63.0
288,2023-10-05 07:00:00,A-12,10,25.85,65.0
289,2023-10-05 08:00:00,A-12,10,26.25,66.0
290,2023-10-05 09:00:00,A-12,10,26.65,65.5
291,2023-10-05 10:00:00,A-12,10,26.65,64.5
292,2023-10-05 11:00:00,A-12,10,26.95,63.0
293,2023-10-05 12:00:00,A-12,10,27.4,63.0
294,2023-10-05 13:00:00,A-12,10,27.25,62.0
295,2023-10-05 14:00:00,A-12,10,26.800000000000004,63.0
296,2023-10-05 15:00:00,A-12,10,26.75,65.0
297,2023-10-05 16:00:00,A-12,10,27.099999999999994,65.0
298,2023-10-05 17:00:00,A-12,10,27.7,63.0
299,2023-10-05 18:00:00,A-12,10,27.55,60.5
300,2023-10-05 19:00:00,A-12,10,27.40000000000001,61.0
301,2023-10-05 20:00:00,A-12,10,27.40000000000001,61.5
302,2023-10-05 21:00:00,A-12,10,27.25,61.0
303,2023-10-05 22:00:00,A-12,10,27.099999999999994,61.0
304,2023-10-05 23:00:00,A-12,10,26.950000000000003,61.0
305,2023-10-06 00:00:00,A-12,10,26.85,61.0
306,2023-10-06 01:00:00,A-12,10,26.8,61.0
307,2023-10-06 02:00:00,A-12,10,26.8,61.0
308,2023-10-06 03:00:00,A-12,10,26.75,61.0
309,2023-10-06 04:00:00,A-12,10,26.65,61.0
310,2023-10-06 05:00:00,A-12,10,26.599999999999994,61.0
311,2023-10-06 07:00:00,A-12,10,26.5,61.0
312,2023-10-06 08:00:00,A-12,10,26.35,62.0
313,2023-10-06 09:00:00,A-12,10,27.349999999999994,63.0
314,2023-10-06 20:00:00,A-12,10,27.75,60.5
315,2023-10-09 00:00:00,A-12,10,26.35,61.0
316,2023-10-09 01:00:00,A-12,10,26.25,61.0
317,2023-10-09 02:00:00,A-12,10,26.15,61.0
318,2023-10-09 07:00:00,A-12,10,25.450000000000003,60.5
319,2023-10-09 08:00:00,A-12,10,25.35,61.0
320,2023-10-09 09:00:00,A-12,10,26.6,61.0
321,2023-10-09 19:00:00,A-12,10,26.6,61.0
322,2023-10-09 20:00:00,A-12,10,26.099999999999994,62.0
323,2023-10-09 21:00:00,A-12,10,26.40000000000001,60.5
324,2023-10-13 09:00:00,A-12,10,26.349999999999994,61.0
325,2023-10-13 10:00:00,A-12,10,27.3,60.5
326,2023-10-13 18:00:00,A-12,10,26.5,61.5
327,2023-10-13 19:00:00,A-12,10,26.9,62.5
328,2023-10-13 20:00:00,A-12,10,26.950000000000003,61.0
329,2023-10-13 21:00:00,A-12,10,26.55,61.0
330,2023-10-13 22:00:00,A-12,10,26.35,61.0
331,2023-10-17 12:00:00,A-12,10,25.050000000000004,64.0
332,2023-10-17 13:00:00,A-12,10,25.200000000000003,63.0
333,2023-10-17 14:00:00,A-12,10,25.200000000000003,63.0
334,2023-10-17 15:00:00,A-12,10,25.4,64.0
335,2023-10-17 16:00:00,A-12,10,25.65,64.0
336,2023-10-17 17:00:00,A-12,10,25.7,63.5
337,2023-10-17 18:00:00,A-12,10,25.450000000000003,65.5
338,2023-10-17 19:00:00,A-12,10,25.35,66.5
339,2023-10-17 20:00:00,A-12,10,25.15,66.0
340,2023-10-18 10:00:00,A-12,10,25.7,72.0
341,2023-10-18 11:00:00,A-12,10,25.65,69.0
342,2023-10-18 12:00:00,A-12,10,25.700000000000003,67.0
343,2023-10-18 13:00:00,A-12,10,25.8,66.5
344,2023-10-18 14:00:00,A-12,10,25.700000000000003,65.0
345,2023-10-18 15:00:00,A-12,10,25.85,65.5
346,2023-10-18 16:00:00,A-12,10,26.0,64.0
347,2023-10-18 17:00:00,A-12,10,26.15,61.5
348,2023-10-19 22:00:00,A-12,10,25.3,61.5
349,2023-10-19 23:00:00,A-12,10,25.200000000000003,63.0
350,2023-10-20 00:00:00,A-12,10,25.05,61.0
351,2023-06-09 07:00:00,A-13,6,26.05,60.5
352,2023-06-09 08:00:00,A-13,6,26.15,61.5
353,2023-06-09 09:00:00,A-13,6,26.85,60.5
354,2023-06-20 22:00:00,A-13,6,27.15,60.5
355,2023-06-20 23:00:00,A-13,6,27.0,61.0
356,2023-06-21 00:00:00,A-13,6,27.0,61.0
357,2023-06-21 04:00:00,A-13,6,26.8,62.0
358,2023-06-21 05:00:00,A-13,6,26.8,64.0
359,2023-06-21 06:00:00,A-13,6,26.75,63.0
360,2023-06-21 07:00:00,A-13,6,26.8,62.5
361,2023-06-21 08:00:00,A-13,6,26.85,62.0
362,2023-06-21 09:00:00,A-13,6,27.25,60.5
363,2023-06-21 16:00:00,A-13,6,28.099999999999994,61.0
364,2023-06-21 17:00:00,A-13,6,28.0,61.0
365,2023-06-21 18:00:00,A-13,6,27.90000000000001,61.0
366,2023-06-21 19:00:00,A-13,6,27.90000000000001,62.0
367,2023-06-21 20:00:00,A-13,6,27.8,62.0
368,2023-06-21 21:00:00,A-13,6,27.700000000000003,62.0
369,2023-06-21 22:00:00,A-13,6,27.700000000000003,62.0
370,2023-06-21 23:00:00,A-13,6,27.65,62.0
371,2023-06-22 00:00:00,A-13,6,27.599999999999994,62.0
372,2023-06-22 01:00:00,A-13,6,27.5,62.0
373,2023-06-22 02:00:00,A-13,6,27.5,62.0
374,2023-06-22 03:00:00,A-13,6,27.5,61.0
375,2023-06-22 04:00:00,A-13,6,27.450000000000003,61.0
376,2023-06-22 05:00:00,A-13,6,27.40000000000001,60.5
377,2023-06-27 04:00:00,A-13,6,29.0,61.5
378,2023-06-27 05:00:00,A-13,6,28.85,61.5
379,2023-06-28 02:00:00,A-13,6,28.90000000000001,61.0
380,2023-06-28 03:00:00,A-13,6,28.8,61.0
381,2023-06-28 04:00:00,A-13,6,28.8,61.0
382,2023-06-28 05:00:00,A-13,6,28.700000000000003,61.5
383,2023-06-28 06:00:00,A-13,6,28.700000000000003,62.0
384,2023-06-28 07:00:00,A-13,6,28.700000000000003,63.0
385,2023-06-28 08:00:00,A-13,6,28.700000000000003,62.5
386,2023-06-28 09:00:00,A-13,6,28.8,61.5
387,2023-06-28 10:00:00,A-13,6,28.85,61.0
388,2023-09-13 00:00:00,A-13,9,27.700000000000003,60.5
389,2023-09-13 03:00:00,A-13,9,27.599999999999994,60.5
390,2023-09-13 04:00:00,A-13,9,27.5,60.5
391,2023-09-15 12:00:00,A-13,9,27.15,63.5
392,2023-09-15 13:00:00,A-13,9,26.65000000000001,65.0
393,2023-09-15 14:00:00,A-13,9,26.65,69.0
394,2023-09-15 15:00:00,A-13,9,27.0,66.5
395,2023-09-15 16:00:00,A-13,9,26.75,65.5
396,2023-09-15 17:00:00,A-13,9,25.8,66.5
397,2023-09-15 18:00:00,A-13,9,25.95,64.0
398,2023-09-15 19:00:00,A-13,9,26.550000000000004,63.5
399,2023-09-15 20:00:00,A-13,9,26.65,63.0
400,2023-09-15 21:00:00,A-13,9,26.599999999999994,62.5
401,2023-09-15 22:00:00,A-13,9,26.5,62.0
402,2023-09-15 23:00:00,A-13,9,26.40000000000001,62.0
403,2023-09-18 00:00:00,A-13,9,27.15,65.0
404,2023-09-18 01:00:00,A-13,9,27.099999999999994,66.0
405,2023-09-18 02:00:00,A-13,9,27.099999999999994,66.0
406,2023-09-18 03:00:00,A-13,9,27.099999999999994,66.0
407,2023-09-18 04:00:00,A-13,9,27.0,66.0
408,2023-09-18 05:00:00,A-13,9,27.0,65.5
409,2023-09-18 06:00:00,A-13,9,26.950000000000003,65.0
410,2023-09-18 07:00:00,A-13,9,26.90000000000001,65.0
411,2023-09-18 08:00:00,A-13,9,27.0,63.5
412,2023-09-18 09:00:00,A-13,9,27.95,60.5
413,2023-09-28 07:00:00,A-13,9,26.0,60.5
414,2023-09-28 08:00:00,A-13,9,26.6,60.5
415,2023-09-28 09:00:00,A-13,9,27.15,61.0
416,2023-10-02 07:00:00,A-13,10,26.450000000000003,62.5
417,2023-10-02 08:00:00,A-13,10,26.099999999999994,64.5
418,2023-10-02 09:00:00,A-13,10,26.6,63.0
419,2023-10-02 10:00:00,A-13,10,26.9,61.0
420,2023-10-02 11:00:00,A-13,10,27.15,61.0
421,2023-10-02 13:00:00,A-13,10,27.4,60.5
422,2023-10-02 20:00:00,A-13,10,28.15,61.0
423,2023-10-02 23:00:00,A-13,10,27.55,61.0
424,2023-10-03 00:00:00,A-13,10,27.450000000000003,61.0
425,2023-10-03 01:00:00,A-13,10,27.25,61.5
426,2023-10-03 02:00:00,A-13,10,27.200000000000003,62.0
427,2023-10-03 03:00:00,A-13,10,27.05,61.5
428,2023-10-03 04:00:00,A-13,10,26.90000000000001,61.0
429,2023-10-03 05:00:00,A-13,10,26.8,61.0
430,2023-10-03 06:00:00,A-13,10,26.75,61.0
431,2023-10-03 07:00:00,A-13,10,26.35,61.5
432,2023-10-03 09:00:00,A-13,10,27.9,61.5
433,2023-10-03 10:00:00,A-13,10,28.1,61.5
434,2023-10-03 11:00:00,A-13,10,28.3,61.5
435,2023-10-03 17:00:00,A-13,10,27.55,61.5
436,2023-10-03 18:00:00,A-13,10,27.55,62.0
437,2023-10-03 19:00:00,A-13,10,27.1,63.0
438,2023-10-03 20:00:00,A-13,10,26.9,63.5
439,2023-10-03 21:00:00,A-13,10,27.099999999999994,62.0
440,2023-10-03 22:00:00,A-13,10,27.099999999999994,61.0
441,2023-10-03 23:00:00,A-13,10,27.05,61.0
442,2023-10-04 00:00:00,A-13,10,26.950000000000003,61.0
443,2023-10-04 01:00:00,A-13,10,26.90000000000001,61.0
444,2023-10-04 02:00:00,A-13,10,26.90000000000001,61.0
445,2023-10-04 03:00:00,A-13,10,26.8,61.0
446,2023-10-04 04:00:00,A-13,10,26.700000000000003,61.0
447,2023-10-04 05:00:00,A-13,10,26.700000000000003,60.5
448,2023-10-05 08:00:00,A-13,10,26.85,63.0
449,2023-10-05 09:00:00,A-13,10,27.35,65.0
450,2023-10-05 10:00:00,A-13,10,27.45,63.0
451,2023-10-05 11:00:00,A-13,10,27.25,61.5
452,2023-10-05 12:00:00,A-13,10,27.1,62.0
453,2023-10-05 13:00:00,A-13,10,27.0,62.0
454,2023-10-05 14:00:00,A-13,10,27.15,62.0
455,2023-10-05 15:00:00,A-13,10,27.3,63.0
456,2023-10-05 16:00:00,A-13,10,27.6,63.0
457,2023-10-05 17:00:00,A-13,10,27.90000000000001,60.5
458,2023-10-06 07:00:00,A-13,10,26.45,61.5
459,2023-10-06 08:00:00,A-13,10,27.1,62.0
460,2023-10-06 09:00:00,A-13,10,28.2,62.0
461,2023-10-06 15:00:00,A-13,10,28.05,60.5
462,2023-10-06 16:00:00,A-13,10,27.65,61.0
463,2023-10-06 17:00:00,A-13,10,27.55,61.0
464,2023-10-06 18:00:00,A-13,10,28.050000000000004,60.5
465,2023-10-06 19:00:00,A-13,10,28.05,60.5
466,2023-10-06 20:00:00,A-13,10,27.75,60.5
467,2023-10-09 08:00:00,A-13,10,25.599999999999994,61.0
468,2023-10-09 09:00:00,A-13,10,27.25,61.0
469,2023-10-13 09:00:00,A-13,10,26.9,62.0
470,2023-10-17 12:00:00,A-13,10,25.5,63.5
471,2023-10-17 13:00:00,A-13,10,25.5,62.0
472,2023-10-17 14:00:00,A-13,10,25.2,63.0
473,2023-10-17 15:00:00,A-13,10,25.1,64.5
474,2023-10-17 16:00:00,A-13,10,25.6,64.5
475,2023-10-17 17:00:00,A-13,10,25.700000000000003,64.0
476,2023-10-17 18:00:00,A-13,10,25.700000000000003,65.0
477,2023-10-17 19:00:00,A-13,10,25.700000000000003,66.0
478,2023-10-17 20:00:00,A-13,10,25.450000000000003,66.0
479,2023-10-17 21:00:00,A-13,10,25.15,66.0
480,2023-10-18 09:00:00,A-13,10,25.8,71.0
481,2023-10-18 10:00:00,A-13,10,26.4,67.5
482,2023-10-18 11:00:00,A-13,10,26.1,67.0
483,2023-10-18 12:00:00,A-13,10,26.0,64.0
484,2023-10-18 13:00:00,A-13,10,26.05,65.0
485,2023-10-18 14:00:00,A-13,10,25.90000000000001,64.0
486,2023-10-18 15:00:00,A-13,10,26.200000000000003,64.5
487,2023-10-18 16:00:00,A-13,10,26.75,61.5
488,2023-10-19 21:00:00,A-13,10,25.5,60.5
489,2023-10-19 22:00:00,A-13,10,25.5,61.5
490,2023-10-19 23:00:00,A-13,10,25.40000000000001,63.0
491,2023-06-09 08:00:00,A-14,6,25.950000000000003,61.0
492,2023-06-09 09:00:00,A-14,6,26.65,60.5
493,2023-06-09 23:00:00,A-14,6,26.5,60.5
494,2023-06-20 23:00:00,A-14,6,27.0,61.0
495,2023-06-21 00:00:00,A-14,6,26.90000000000001,61.0
496,2023-06-21 01:00:00,A-14,6,26.90000000000001,60.5
497,2023-06-21 05:00:00,A-14,6,26.700000000000003,62.0
498,2023-06-21 06:00:00,A-14,6,26.700000000000003,62.5
499,2023-06-21 07:00:00,A-14,6,26.700000000000003,62.0
500,2023-06-21 08:00:00,A-14,6,26.75,62.0
501,2023-06-21 09:00:00,A-14,6,27.050000000000004,61.0
502,2023-06-21 14:00:00,A-14,6,27.950000000000003,60.5
503,2023-06-21 15:00:00,A-14,6,27.90000000000001,61.0
504,2023-06-21 16:00:00,A-14,6,27.90000000000001,61.0
505,2023-06-21 17:00:00,A-14,6,27.8,62.0
506,2023-06-21 18:00:00,A-14,6,27.75,62.0
507,2023-06-21 19:00:00,A-14,6,27.700000000000003,62.0
508,2023-06-21 20:00:00,A-14,6,27.65,62.0
509,2023-06-21 21:00:00,A-14,6,27.599999999999994,62.5
510,2023-06-21 22:00:00,A-14,6,27.599999999999994,62.0
511,2023-06-21 23:00:00,A-14,6,27.5,62.0
512,2023-06-22 00:00:00,A-14,6,27.5,62.0
513,2023-06-22 01:00:00,A-14,6,27.450000000000003,62.0
514,2023-06-22 02:00:00,A-14,6,27.40000000000001,62.0
515,2023-06-22 03:00:00,A-14,6,27.40000000000001,61.5
516,2023-06-22 04:00:00,A-14,6,27.35,61.0
517,2023-06-22 05:00:00,A-14,6,27.3,61.0
518,2023-06-27 03:00:00,A-14,6,28.700000000000003,61.0
519,2023-06-27 04:00:00,A-14,6,28.700000000000003,62.0
520,2023-06-27 05:00:00,A-14,6,28.599999999999994,62.0
521,2023-06-27 06:00:00,A-14,6,28.5,60.5
522,2023-06-27 21:00:00,A-14,6,28.8,61.0
523,2023-06-27 22:00:00,A-14,6,28.8,61.0
524,2023-06-27 23:00:00,A-14,6,28.8,61.0
525,2023-06-28 00:00:00,A-14,6,28.700000000000003,62.0
526,2023-06-28 01:00:00,A-14,6,28.65,62.0
527,2023-06-28 02:00:00,A-14,6,28.599999999999994,62.0
528,2023-06-28 03:00:00,A-14,6,28.55,62.0
529,2023-06-28 04:00:00,A-14,6,28.5,62.0
530,2023-06-28 05:00:00,A-14,6,28.40000000000001,62.0
531,2023-06-28 06:00:00,A-14,6,28.40000000000001,63.0
532,2023-06-28 07:00:00,A-14,6,28.40000000000001,63.0
533,2023-06-28 08:00:00,A-14,6,28.40000000000001,63.0
534,2023-06-28 09:00:00,A-14,6,28.5,62.5
535,2023-06-28 10:00:00,A-14,6,28.55,61.0
536,2023-09-13 00:00:00,A-14,9,27.700000000000003,60.5
537,2023-09-13 04:00:00,A-14,9,27.5,61.0
538,2023-09-13 09:00:00,A-14,9,27.849999999999994,60.5
539,2023-09-15 12:00:00,A-14,9,27.5,62.5
540,2023-09-15 13:00:00,A-14,9,27.15,62.5
541,2023-09-15 14:00:00,A-14,9,27.0,67.0
542,2023-09-15 15:00:00,A-14,9,27.200000000000003,65.5
543,2023-09-15 16:00:00,A-14,9,27.4,66.0
544,2023-09-15 17:00:00,A-14,9,26.85,64.0
545,2023-09-15 18:00:00,A-14,9,26.15,63.0
546,2023-09-15 19:00:00,A-14,9,27.0,62.5
547,2023-09-15 20:00:00,A-14,9,27.35,61.0
548,2023-09-15 21:00:00,A-14,9,27.05,61.0
549,2023-09-15 22:00:00,A-14,9,26.85,61.0
550,2023-09-18 00:00:00,A-14,9,27.099999999999994,65.0
551,2023-09-18 01:00:00,A-14,9,27.099999999999994,65.0
552,2023-09-18 02:00:00,A-14,9,27.099999999999994,65.5
553,2023-09-18 03:00:00,A-14,9,27.05,66.0
554,2023-09-18 04:00:00,A-14,9,27.0,66.0
555,2023-09-18 05:00:00,A-14,9,27.0,65.5
556,2023-09-18 06:00:00,A-14,9,27.0,65.0
557,2023-09-18 07:00:00,A-14,9,27.0,65.0
558,2023-09-18 08:00:00,A-14,9,27.0,64.0
559,2023-09-18 09:00:00,A-14,9,28.0,61.0
560,2023-09-28 07:00:00,A-14,9,25.85,60.5
561,2023-09-28 08:00:00,A-14,9,26.15,61.5
562,2023-10-02 07:00:00,A-14,10,26.4,62.0
563,2023-10-02 08:00:00,A-14,10,26.15,64.0
564,2023-10-02 09:00:00,A-14,10,26.6,62.5
565,2023-10-02 20:00:00,A-14,10,27.75,61.0
566,2023-10-02 22:00:00,A-14,10,27.40000000000001,60.5
567,2023-10-02 23:00:00,A-14,10,27.3,61.0
568,2023-10-03 00:00:00,A-14,10,27.200000000000003,61.0
569,2023-10-03 01:00:00,A-14,10,27.05,62.0
570,2023-10-03 02:00:00,A-14,10,27.0,62.0
571,2023-10-03 03:00:00,A-14,10,26.85,62.0
572,2023-10-03 04:00:00,A-14,10,26.75,62.0
573,2023-10-03 05:00:00,A-14,10,26.700000000000003,61.0
574,2023-10-03 06:00:00,A-14,10,26.599999999999994,61.0
575,2023-10-03 07:00:00,A-14,10,26.35,61.0
576,2023-10-03 08:00:00,A-14,10,26.099999999999994,61.5
577,2023-10-03 09:00:00,A-14,10,26.9,61.0
578,2023-10-03 10:00:00,A-14,10,27.40000000000001,60.5
579,2023-10-03 11:00:00,A-14,10,27.9,60.5
580,2023-10-03 17:00:00,A-14,10,27.65,60.5
581,2023-10-03 18:00:00,A-14,10,27.2,61.5
582,2023-10-03 19:00:00,A-14,10,26.85,64.0
583,2023-10-03 20:00:00,A-14,10,26.55,64.5
584,2023-10-03 21:00:00,A-14,10,26.65,63.0
585,2023-10-03 22:00:00,A-14,10,26.700000000000003,62.0
586,2023-10-03 23:00:00,A-14,10,26.700000000000003,62.0
587,2023-10-04 00:00:00,A-14,10,26.599999999999994,62.0
588,2023-10-04 01:00:00,A-14,10,26.599999999999994,62.0
589,2023-10-04 02:00:00,A-14,10,26.65,62.0
590,2023-10-04 03:00:00,A-14,10,26.5,62.0
591,2023-10-04 04:00:00,A-14,10,26.40000000000001,62.0
592,2023-10-04 05:00:00,A-14,10,26.450000000000003,61.0
593,2023-10-04 06:00:00,A-14,10,26.5,60.5
594,2023-10-05 08:00:00,A-14,10,26.599999999999994,62.0
595,2023-10-05 09:00:00,A-14,10,26.90000000000001,64.0
596,2023-10-05 10:00:00,A-14,10,27.35,62.5
597,2023-10-05 11:00:00,A-14,10,27.40000000000001,61.0
598,2023-10-05 12:00:00,A-14,10,27.0,62.0
599,2023-10-05 13:00:00,A-14,10,26.450000000000003,64.0
600,2023-10-05 14:00:00,A-14,10,26.5,64.0
601,2023-10-05 15:00:00,A-14,10,26.40000000000001,65.5
602,2023-10-05 16:00:00,A-14,10,26.9,64.0
603,2023-10-05 23:00:00,A-14,10,26.950000000000003,60.5
604,2023-10-06 00:00:00,A-14,10,26.75,61.0
605,2023-10-06 01:00:00,A-14,10,26.599999999999994,61.0
606,2023-10-06 02:00:00,A-14,10,26.599999999999994,61.0
607,2023-10-06 03:00:00,A-14,10,26.5,61.0
608,2023-10-06 04:00:00,A-14,10,26.40000000000001,61.0
609,2023-10-06 05:00:00,A-14,10,26.3,61.0
610,2023-10-06 06:00:00,A-14,10,26.200000000000003,61.0
611,2023-10-06 07:00:00,A-14,10,26.25,61.5
612,2023-10-06 08:00:00,A-14,10,26.15,62.5
613,2023-10-06 09:00:00,A-14,10,26.95,64.5
614,2023-10-06 10:00:00,A-14,10,28.2,62.0
615,2023-10-06 15:00:00,A-14,10,28.05,60.5
616,2023-10-06 16:00:00,A-14,10,27.800000000000004,60.5
617,2023-10-06 17:00:00,A-14,10,27.5,60.5
618,2023-10-09 00:00:00,A-14,10,26.099999999999994,61.0
619,2023-10-09 01:00:00,A-14,10,25.85,61.0
620,2023-10-09 02:00:00,A-14,10,25.75,62.0
621,2023-10-09 03:00:00,A-14,10,25.599999999999994,62.0
622,2023-10-09 04:00:00,A-14,10,25.5,62.0
623,2023-10-09 05:00:00,A-14,10,25.40000000000001,62.0
624,2023-10-09 06:00:00,A-14,10,25.25,61.5
625,2023-10-09 07:00:00,A-14,10,25.2,61.5
626,2023-10-09 09:00:00,A-14,10,26.800000000000004,62.0
627,2023-10-10 06:00:00,A-14,10,25.099999999999994,61.0
628,2023-10-10 07:00:00,A-14,10,25.15,60.5
629,2023-10-13 08:00:00,A-14,10,25.35,61.0
630,2023-10-17 12:00:00,A-14,10,25.200000000000003,62.0
631,2023-10-17 13:00:00,A-14,10,25.7,61.5
632,2023-10-17 14:00:00,A-14,10,26.0,61.0
633,2023-10-17 15:00:00,A-14,10,26.2,61.0
634,2023-10-17 16:00:00,A-14,10,26.25,61.0
635,2023-10-17 17:00:00,A-14,10,26.05,62.0
636,2023-10-17 18:00:00,A-14,10,26.0,63.5
637,2023-10-17 19:00:00,A-14,10,26.0,64.0
638,2023-10-17 20:00:00,A-14,10,25.45,65.5
639,2023-10-18 09:00:00,A-14,10,25.75,71.0
640,2023-10-18 10:00:00,A-14,10,26.6,66.5
641,2023-10-18 11:00:00,A-14,10,26.5,65.0
642,2023-10-18 12:00:00,A-14,10,26.599999999999994,62.0
643,2023-10-18 13:00:00,A-14,10,26.85,62.0
644,2023-10-18 14:00:00,A-14,10,26.65,62.0
645,2023-10-19 21:00:00,A-14,10,25.40000000000001,60.5
646,2023-10-19 22:00:00,A-14,10,25.40000000000001,61.5
647,2023-10-19 23:00:00,A-14,10,25.3,63.5
648,2023-06-21 05:00:00,A-21,6,27.200000000000003,62.0
649,2023-06-21 06:00:00,A-21,6,27.200000000000003,61.5
650,2023-06-21 07:00:00,A-21,6,27.200000000000003,61.0
651,2023-06-21 08:00:00,A-21,6,27.25,60.5
652,2023-06-21 21:00:00,A-21,6,28.15,61.0
653,2023-06-21 22:00:00,A-21,6,28.099999999999994,60.5
654,2023-09-15 12:00:00,A-21,9,27.65,61.0
655,2023-09-15 13:00:00,A-21,9,27.4,61.0
656,2023-09-15 14:00:00,A-21,9,26.4,69.5
657,2023-09-15 15:00:00,A-21,9,27.050000000000004,67.0
658,2023-09-15 16:00:00,A-21,9,27.200000000000003,65.0
659,2023-09-15 17:00:00,A-21,9,26.85,63.0
660,2023-09-15 18:00:00,A-21,9,26.75,62.5
661,2023-09-15 19:00:00,A-21,9,26.85,61.5
662,2023-09-15 20:00:00,A-21,9,27.4,61.5
663,2023-09-18 00:00:00,A-21,9,27.40000000000001,65.0
664,2023-09-18 01:00:00,A-21,9,27.40000000000001,65.5
665,2023-09-18 02:00:00,A-21,9,27.40000000000001,65.5
666,2023-09-18 03:00:00,A-21,9,27.40000000000001,65.0
667,2023-09-18 04:00:00,A-21,9,27.35,64.0
668,2023-09-18 05:00:00,A-21,9,27.3,64.0
669,2023-09-18 06:00:00,A-21,9,27.3,64.0
670,2023-09-18 07:00:00,A-21,9,27.3,64.0
671,2023-09-18 08:00:00,A-21,9,27.25,62.0
672,2023-10-02 08:00:00,A-21,10,26.700000000000003,61.5
673,2023-10-02 09:00:00,A-21,10,27.849999999999994,62.5
674,2023-10-02 18:00:00,A-21,10,28.05,60.5
675,2023-10-02 19:00:00,A-21,10,27.800000000000004,62.0
676,2023-10-02 20:00:00,A-21,10,27.65,63.0
677,2023-10-02 21:00:00,A-21,10,27.700000000000003,61.0
678,2023-10-02 22:00:00,A-21,10,27.65,61.0
679,2023-10-02 23:00:00,A-21,10,27.599999999999994,61.0
680,2023-10-03 00:00:00,A-21,10,27.5,61.0
681,2023-10-03 01:00:00,A-21,10,27.40000000000001,61.0
682,2023-10-03 02:00:00,A-21,10,27.35,61.0
683,2023-10-03 03:00:00,A-21,10,27.23333333333333,60.66666666666666
684,2023-10-03 06:00:00,A-21,10,26.8,60.333333333333336
685,2023-10-03 07:00:00,A-21,10,26.25,61.0
686,2023-10-05 07:00:00,A-21,10,27.0,60.5
687,2023-10-05 08:00:00,A-21,10,27.200000000000003,63.0
688,2023-10-05 09:00:00,A-21,10,27.5,62.5
689,2023-10-05 10:00:00,A-21,10,27.7,61.5
690,2023-10-05 12:00:00,A-21,10,27.90000000000001,60.5
691,2023-10-05 15:00:00,A-21,10,27.55,61.5
692,2023-10-05 16:00:00,A-21,10,27.8,61.5
693,2023-10-06 08:00:00,A-21,10,27.15,60.5
694,2023-10-06 09:00:00,A-21,10,27.95,62.5
695,2023-10-06 18:00:00,A-21,10,27.9,61.5
696,2023-10-06 19:00:00,A-21,10,28.25,60.5
697,2023-10-09 09:00:00,A-21,10,26.849999999999994,61.5
698,2023-10-17 10:00:00,A-21,10,25.349999999999994,61.5
699,2023-10-17 11:00:00,A-21,10,26.1,61.5
700,2023-10-17 13:00:00,A-21,10,26.0,60.5
701,2023-10-17 14:00:00,A-21,10,25.6,61.0
702,2023-10-17 15:00:00,A-21,10,25.55,63.0
703,2023-10-17 16:00:00,A-21,10,25.700000000000003,63.0
704,2023-10-17 17:00:00,A-21,10,25.849999999999994,64.5
705,2023-10-17 18:00:00,A-21,10,26.35,65.5
706,2023-10-17 19:00:00,A-21,10,26.6,66.5
707,2023-10-17 20:00:00,A-21,10,26.4,65.0
708,2023-10-17 21:00:00,A-21,10,25.800000000000004,65.5
709,2023-10-17 22:00:00,A-21,10,25.55,66.0
710,2023-10-17 23:00:00,A-21,10,25.35,66.0
711,2023-10-18 00:00:00,A-21,10,25.15,66.0
712,2023-10-18 01:00:00,A-21,10,25.05,66.0
713,2023-10-18 09:00:00,A-21,10,26.15,70.5
714,2023-10-18 10:00:00,A-21,10,26.8,67.0
715,2023-10-18 11:00:00,A-21,10,26.55,65.5
716,2023-10-18 12:00:00,A-21,10,26.599999999999994,63.5
717,2023-10-18 13:00:00,A-21,10,26.5,63.0
718,2023-10-18 14:00:00,A-21,10,26.40000000000001,62.5
719,2023-10-18 15:00:00,A-21,10,26.3,62.5
720,2023-10-18 16:00:00,A-21,10,26.3,62.0
721,2023-10-19 23:00:00,A-21,10,25.90000000000001,61.5
722,2023-06-21 05:00:00,A-22,6,27.40000000000001,61.0
723,2023-06-21 06:00:00,A-22,6,27.40000000000001,61.0
724,2023-09-15 14:00:00,A-22,9,27.3,66.0
725,2023-09-15 15:00:00,A-22,9,27.6,64.5
726,2023-09-15 16:00:00,A-22,9,27.65,63.0
727,2023-09-15 17:00:00,A-22,9,27.300000000000004,62.0
728,2023-09-15 18:00:00,A-22,9,27.200000000000003,61.5
729,2023-09-15 19:00:00,A-22,9,27.15,60.5
730,2023-09-18 00:00:00,A-22,9,27.5,63.0
731,2023-09-18 01:00:00,A-22,9,27.5,63.0
732,2023-09-18 02:00:00,A-22,9,27.40000000000001,64.0
733,2023-09-18 03:00:00,A-22,9,27.40000000000001,63.0
734,2023-09-18 04:00:00,A-22,9,27.40000000000001,62.5
735,2023-09-18 05:00:00,A-22,9,27.40000000000001,62.0
736,2023-09-18 06:00:00,A-22,9,27.35,62.0
737,2023-09-18 07:00:00,A-22,9,27.35,62.5
738,2023-09-18 08:00:00,A-22,9,27.65000000000001,62.0
739,2023-10-02 08:00:00,A-22,10,27.0,60.5
740,2023-10-02 09:00:00,A-22,10,27.3,61.0
741,2023-10-03 20:00:00,A-22,10,28.0,60.5
742,2023-10-05 09:00:00,A-22,10,28.25,62.0
743,2023-10-05 10:00:00,A-22,10,28.1,60.5
744,2023-10-05 16:00:00,A-22,10,28.15,61.0
745,2023-10-17 14:00:00,A-22,10,25.800000000000004,60.5
746,2023-10-17 15:00:00,A-22,10,25.9,62.0
747,2023-10-17 16:00:00,A-22,10,26.35,61.5
748,2023-10-17 17:00:00,A-22,10,26.55,62.0
749,2023-10-17 18:00:00,A-22,10,26.75,63.0
750,2023-10-17 19:00:00,A-22,10,26.90000000000001,64.0
751,2023-10-17 20:00:00,A-22,10,26.55,64.0
752,2023-10-17 21:00:00,A-22,10,26.2,64.0
753,2023-10-17 22:00:00,A-22,10,25.9,65.0
754,2023-10-17 23:00:00,A-22,10,25.75,65.0
755,2023-10-18 00:00:00,A-22,10,25.599999999999994,65.0
756,2023-10-18 01:00:00,A-22,10,25.450000000000003,65.0
757,2023-10-18 02:00:00,A-22,10,25.35,65.0
758,2023-10-18 03:00:00,A-22,10,25.3,65.0
759,2023-10-18 04:00:00,A-22,10,25.200000000000003,66.0
760,2023-10-18 05:00:00,A-22,10,25.200000000000003,66.0
761,2023-10-18 06:00:00,A-22,10,25.099999999999994,66.5
762,2023-10-18 07:00:00,A-22,10,25.099999999999994,67.5
763,2023-10-18 08:00:00,A-22,10,25.450000000000003,68.5
764,2023-10-18 09:00:00,A-22,10,26.700000000000003,68.0
765,2023-10-18 10:00:00,A-22,10,26.950000000000003,65.5
766,2023-10-18 11:00:00,A-22,10,26.75,64.0
767,2023-10-18 12:00:00,A-22,10,27.200000000000003,62.0
768,2023-10-18 13:00:00,A-22,10,27.200000000000003,62.0
769,2023-10-18 14:00:00,A-22,10,26.75,61.5
770,2023-10-18 15:00:00,A-22,10,26.9,61.5
771,2023-06-21 07:00:00,A-23,6,27.65,60.5
772,2023-06-28 08:00:00,A-23,6,29.65,60.5
773,2023-09-15 14:00:00,A-23,9,27.950000000000003,63.0
774,2023-09-15 15:00:00,A-23,9,28.0,62.5
775,2023-09-15 16:00:00,A-23,9,27.950000000000003,62.0
776,2023-09-15 17:00:00,A-23,9,27.75,61.0
777,2023-09-18 00:00:00,A-23,9,27.75,63.0
778,2023-09-18 01:00:00,A-23,9,27.75,64.0
779,2023-09-18 02:00:00,A-23,9,27.700000000000003,64.0
780,2023-09-18 03:00:00,A-23,9,27.700000000000003,64.0
781,2023-09-18 04:00:00,A-23,9,27.599999999999994,64.0
782,2023-09-18 05:00:00,A-23,9,27.599999999999994,63.0
783,2023-09-18 06:00:00,A-23,9,27.599999999999994,63.0
784,2023-09-18 07:00:00,A-23,9,27.599999999999994,62.5
785,2023-09-18 08:00:00,A-23,9,27.700000000000003,61.5
786,2023-09-18 09:00:00,A-23,9,28.25,61.0
787,2023-10-02 20:00:00,A-23,10,27.90000000000001,60.5
788,2023-10-03 19:00:00,A-23,10,27.55,60.5
789,2023-10-03 20:00:00,A-23,10,27.700000000000003,61.0
790,2023-10-05 09:00:00,A-23,10,28.0,61.0
791,2023-10-05 15:00:00,A-23,10,27.65,61.5
792,2023-10-05 16:00:00,A-23,10,27.75,61.5
793,2023-10-06 10:00:00,A-23,10,28.450000000000003,60.5
794,2023-10-17 14:00:00,A-23,10,25.450000000000003,61.0
795,2023-10-17 15:00:00,A-23,10,25.700000000000003,62.5
796,2023-10-17 16:00:00,A-23,10,26.65,61.5
797,2023-10-17 17:00:00,A-23,10,26.75,60.5
798,2023-10-17 18:00:00,A-23,10,26.4,62.0
799,2023-10-17 19:00:00,A-23,10,26.25,64.0
800,2023-10-17 20:00:00,A-23,10,25.9,64.0
801,2023-10-17 21:00:00,A-23,10,25.700000000000003,64.5
802,2023-10-17 22:00:00,A-23,10,25.55,65.0
803,2023-10-17 23:00:00,A-23,10,25.450000000000003,65.0
804,2023-10-18 00:00:00,A-23,10,25.35,65.0
805,2023-10-18 01:00:00,A-23,10,25.3,65.0
806,2023-10-18 02:00:00,A-23,10,25.200000000000003,65.0
807,2023-10-18 03:00:00,A-23,10,25.15,65.0
808,2023-10-18 04:00:00,A-23,10,25.099999999999994,65.0
809,2023-10-18 05:00:00,A-23,10,25.099999999999994,65.0
810,2023-10-18 06:00:00,A-23,10,25.05,66.0
811,2023-10-18 08:00:00,A-23,10,25.15,68.0
812,2023-10-18 09:00:00,A-23,10,26.3,68.5
813,2023-10-18 10:00:00,A-23,10,26.55,66.0
814,2023-10-18 11:00:00,A-23,10,26.4,65.5
815,2023-10-18 12:00:00,A-23,10,26.800000000000004,62.0
816,2023-10-18 13:00:00,A-23,10,26.450000000000003,63.0
817,2023-10-18 14:00:00,A-23,10,26.40000000000001,62.5
818,2023-10-18 15:00:00,A-23,10,26.800000000000004,62.5
819,2023-10-18 16:00:00,A-23,10,27.15,60.5
820,2023-10-19 23:00:00,A-23,10,26.55,60.5
821,2023-10-23 11:00:00,A-23,10,25.15,63.5
822,2023-10-23 12:00:00,A-23,10,25.40000000000001,62.5
823,2023-10-23 13:00:00,A-23,10,25.15,63.0
824,2023-06-21 05:00:00,A-24,6,27.5,61.0
825,2023-06-21 06:00:00,A-24,6,27.5,60.5
826,2023-09-15 14:00:00,A-24,9,27.35,66.0
827,2023-09-15 15:00:00,A-24,9,27.75,63.5
828,2023-09-15 16:00:00,A-24,9,27.75,63.0
829,2023-09-15 17:00:00,A-24,9,27.450000000000003,61.0
830,2023-09-15 18:00:00,A-24,9,27.40000000000001,60.5
831,2023-09-18 00:00:00,A-24,9,27.700000000000003,63.0
832,2023-09-18 01:00:00,A-24,9,27.700000000000003,63.0
833,2023-09-18 02:00:00,A-24,9,27.700000000000003,64.0
834,2023-09-18 03:00:00,A-24,9,27.65,63.0
835,2023-09-18 04:00:00,A-24,9,27.599999999999994,63.0
836,2023-09-18 05:00:00,A-24,9,27.599999999999994,62.5
837,2023-09-18 06:00:00,A-24,9,27.5,62.0
838,2023-09-18 07:00:00,A-24,9,27.55,62.0
839,2023-09-18 08:00:00,A-24,9,27.7,61.5
840,2023-10-03 20:00:00,A-24,10,27.90000000000001,60.5
841,2023-10-05 08:00:00,A-24,10,27.65,60.5
842,2023-10-05 09:00:00,A-24,10,28.0,61.0
843,2023-10-05 15:00:00,A-24,10,27.65,60.5
844,2023-10-05 16:00:00,A-24,10,28.0,61.0
845,2023-10-17 15:00:00,A-24,10,26.25,61.5
846,2023-10-17 17:00:00,A-24,10,26.3,61.0
847,2023-10-17 18:00:00,A-24,10,25.85,64.0
848,2023-10-17 19:00:00,A-24,10,25.700000000000003,65.0
849,2023-10-17 20:00:00,A-24,10,25.599999999999994,65.0
850,2023-10-17 21:00:00,A-24,10,25.450000000000003,65.0
851,2023-10-17 22:00:00,A-24,10,25.40000000000001,65.0
852,2023-10-17 23:00:00,A-24,10,25.3,65.0
853,2023-10-18 00:00:00,A-24,10,25.200000000000003,65.0
854,2023-10-18 01:00:00,A-24,10,25.15,65.0
855,2023-10-18 02:00:00,A-24,10,25.099999999999994,65.0
856,2023-10-18 03:00:00,A-24,10,25.099999999999994,65.0
857,2023-10-18 08:00:00,A-24,10,25.25,69.0
858,2023-10-18 09:00:00,A-24,10,26.700000000000003,67.0
859,2023-10-18 10:00:00,A-24,10,27.200000000000003,63.5
860,2023-10-18 11:00:00,A-24,10,27.0,63.0
861,2023-10-18 12:00:00,A-24,10,27.3,61.5
862,2023-10-18 13:00:00,A-24,10,26.75,61.5
863,2023-10-18 14:00:00,A-24,10,26.65,61.5
864,2023-10-18 15:00:00,A-24,10,27.0,61.0
865,2023-10-19 23:00:00,A-24,10,26.3,60.5
866,2023-10-23 12:00:00,A-24,10,25.200000000000003,64.0
867,2023-06-09 20:00:00,A-31,6,26.600000000000005,61.0
868,2023-06-21 05:00:00,A-31,6,27.599999999999994,61.0
869,2023-09-15 14:00:00,A-31,9,27.349999999999994,66.0
870,2023-09-15 15:00:00,A-31,9,27.4,65.5
871,2023-09-15 16:00:00,A-31,9,26.599999999999994,65.0
872,2023-09-15 17:00:00,A-31,9,26.45,65.5
873,2023-09-15 18:00:00,A-31,9,27.15,62.5
874,2023-09-15 19:00:00,A-31,9,25.8,61.0
875,2023-09-18 00:00:00,A-31,9,27.700000000000003,64.0
876,2023-09-18 01:00:00,A-31,9,27.700000000000003,64.0
877,2023-09-18 02:00:00,A-31,9,27.700000000000003,65.0
878,2023-09-18 03:00:00,A-31,9,27.65,65.0
879,2023-09-18 04:00:00,A-31,9,27.599999999999994,65.0
880,2023-09-18 05:00:00,A-31,9,27.599999999999994,64.0
881,2023-09-18 06:00:00,A-31,9,27.599999999999994,64.0
882,2023-09-18 07:00:00,A-31,9,27.599999999999994,64.0
883,2023-09-18 08:00:00,A-31,9,27.65,63.0
884,2023-09-27 19:00:00,A-31,9,27.8,61.0
885,2023-09-28 18:00:00,A-31,9,27.200000000000003,61.0
886,2023-09-28 19:00:00,A-31,9,27.40000000000001,61.0
887,2023-10-02 11:00:00,A-31,10,28.200000000000003,61.0
888,2023-10-02 18:00:00,A-31,10,28.450000000000003,60.5
889,2023-10-02 19:00:00,A-31,10,28.3,61.0
890,2023-10-02 20:00:00,A-31,10,27.85,62.0
891,2023-10-02 21:00:00,A-31,10,27.90000000000001,60.5
892,2023-10-04 18:00:00,A-31,10,27.200000000000003,60.5
893,2023-10-05 08:00:00,A-31,10,27.349999999999994,61.5
894,2023-10-05 09:00:00,A-31,10,27.65,61.5
895,2023-10-05 10:00:00,A-31,10,27.55,60.5
896,2023-10-05 11:00:00,A-31,10,27.55,61.0
897,2023-10-05 12:00:00,A-31,10,27.75,61.5
898,2023-10-05 13:00:00,A-31,10,27.45,60.5
899,2023-10-05 15:00:00,A-31,10,27.599999999999994,61.0
900,2023-10-05 16:00:00,A-31,10,27.599999999999994,61.5
901,2023-10-05 18:00:00,A-31,10,27.200000000000003,60.5
902,2023-10-05 19:00:00,A-31,10,26.7,62.5
903,2023-10-05 20:00:00,A-31,10,27.05,61.0
904,2023-10-05 21:00:00,A-31,10,27.200000000000003,60.5
905,2023-10-06 15:00:00,A-31,10,28.5,61.5
906,2023-10-06 16:00:00,A-31,10,28.6,60.5
907,2023-10-09 19:00:00,A-31,10,26.85,60.5
908,2023-10-16 08:00:00,A-31,10,25.099999999999994,61.5
909,2023-10-17 14:00:00,A-31,10,25.4,60.333333333333336
910,2023-10-17 15:00:00,A-31,10,25.55,62.5
911,2023-10-17 16:00:00,A-31,10,25.700000000000003,62.5
912,2023-10-17 17:00:00,A-31,10,25.2,65.0
913,2023-10-18 09:00:00,A-31,10,25.15,66.5
914,2023-10-18 10:00:00,A-31,10,25.65000000000001,67.0
915,2023-10-18 11:00:00,A-31,10,26.45,67.0
916,2023-10-18 12:00:00,A-31,10,26.0,64.0
917,2023-10-18 13:00:00,A-31,10,26.0,64.0
918,2023-10-18 14:00:00,A-31,10,26.0,64.0
919,2023-10-18 15:00:00,A-31,10,26.099999999999994,63.5
920,2023-10-18 16:00:00,A-31,10,26.300000000000004,62.0
921,2023-10-19 20:00:00,A-31,10,25.75,61.5
922,2023-10-19 23:00:00,A-31,10,25.700000000000003,61.0
923,2023-09-15 14:00:00,A-32,9,27.95,64.0
924,2023-09-15 15:00:00,A-32,9,27.5,64.5
925,2023-09-15 16:00:00,A-32,9,26.9,64.0
926,2023-09-15 17:00:00,A-32,9,25.2,66.0
927,2023-09-15 18:00:00,A-32,9,25.85,63.5
928,2023-09-18 00:00:00,A-32,9,27.90000000000001,63.0
929,2023-09-18 01:00:00,A-32,9,27.90000000000001,64.0
930,2023-09-18 02:00:00,A-32,9,27.90000000000001,64.0
931,2023-09-18 03:00:00,A-32,9,27.90000000000001,64.0
932,2023-09-18 04:00:00,A-32,9,27.8,64.0
933,2023-09-18 05:00:00,A-32,9,27.8,64.0
934,2023-09-18 06:00:00,A-32,9,27.8,63.0
935,2023-09-18 07:00:00,A-32,9,27.75,63.0
936,2023-09-18 08:00:00,A-32,9,27.8,63.0
937,2023-10-02 18:00:00,A-32,10,28.40000000000001,60.5
938,2023-10-02 19:00:00,A-32,10,28.25,61.5
939,2023-10-02 20:00:00,A-32,10,28.05,61.0
940,2023-10-05 15:00:00,A-32,10,27.9,61.5
941,2023-10-05 16:00:00,A-32,10,28.5,61.5
942,2023-10-16 08:00:00,A-32,10,25.3,60.5
943,2023-10-16 09:00:00,A-32,10,25.200000000000003,61.0
944,2023-10-16 11:00:00,A-32,10,25.25,60.5
945,2023-10-17 15:00:00,A-32,10,25.950000000000003,61.0
946,2023-10-17 16:00:00,A-32,10,26.5,62.0
947,2023-10-17 17:00:00,A-32,10,26.450000000000003,62.0
948,2023-10-17 18:00:00,A-32,10,26.05,64.0
949,2023-10-17 19:00:00,A-32,10,25.599999999999994,65.5
950,2023-10-17 20:00:00,A-32,10,25.5,64.0
951,2023-10-17 21:00:00,A-32,10,25.40000000000001,64.0
952,2023-10-17 22:00:00,A-32,10,25.35,64.0
953,2023-10-17 23:00:00,A-32,10,25.3,64.0
954,2023-10-18 00:00:00,A-32,10,25.3,64.0
955,2023-10-18 01:00:00,A-32,10,25.200000000000003,64.0
956,2023-10-18 02:00:00,A-32,10,25.200000000000003,64.0
957,2023-10-18 03:00:00,A-32,10,25.200000000000003,64.0
958,2023-10-18 04:00:00,A-32,10,25.15,64.0
959,2023-10-18 05:00:00,A-32,10,25.15,64.5
960,2023-10-18 06:00:00,A-32,10,25.099999999999994,65.0
961,2023-10-18 07:00:00,A-32,10,25.15,65.0
962,2023-10-18 08:00:00,A-32,10,25.3,66.0
963,2023-10-18 09:00:00,A-32,10,25.95,64.5
964,2023-10-18 10:00:00,A-32,10,26.300000000000004,65.0
965,2023-10-18 11:00:00,A-32,10,26.8,65.5
966,2023-10-18 12:00:00,A-32,10,26.45,63.0
967,2023-10-18 13:00:00,A-32,10,26.200000000000003,63.0
968,2023-10-18 14:00:00,A-32,10,26.200000000000003,62.0
969,2023-10-18 15:00:00,A-32,10,26.200000000000003,62.5
970,2023-10-18 16:00:00,A-32,10,26.3,62.0
971,2023-10-19 23:00:00,A-32,10,26.099999999999994,60.5
972,2023-06-29 10:00:00,A-33,6,31.0,60.5
973,2023-09-15 14:00:00,A-33,9,27.6,65.5
974,2023-09-15 15:00:00,A-33,9,27.55,66.0
975,2023-09-15 16:00:00,A-33,9,27.75,65.5
976,2023-09-15 17:00:00,A-33,9,26.40000000000001,63.5
977,2023-09-15 18:00:00,A-33,9,26.3,63.5
978,2023-09-18 00:00:00,A-33,9,28.0,64.0
979,2023-09-18 01:00:00,A-33,9,27.950000000000003,64.0
980,2023-09-18 02:00:00,A-33,9,27.950000000000003,64.0
981,2023-09-18 03:00:00,A-33,9,27.90000000000001,64.0
982,2023-09-18 04:00:00,A-33,9,27.90000000000001,64.0
983,2023-09-18 05:00:00,A-33,9,27.90000000000001,64.0
984,2023-09-18 06:00:00,A-33,9,27.8,64.0
985,2023-09-18 07:00:00,A-33,9,27.8,63.0
986,2023-09-18 08:00:00,A-33,9,27.85,62.5
987,2023-10-02 18:00:00,A-33,10,28.55,60.5
988,2023-10-02 19:00:00,A-33,10,28.599999999999994,61.5
989,2023-10-02 20:00:00,A-33,10,28.25,61.5
990,2023-10-02 21:00:00,A-33,10,28.099999999999994,61.0
991,2023-10-02 22:00:00,A-33,10,28.0,61.0
992,2023-10-03 17:00:00,A-33,10,28.05,60.5
993,2023-10-03 18:00:00,A-33,10,28.200000000000003,61.0
994,2023-10-03 19:00:00,A-33,10,28.4,61.0
995,2023-10-03 20:00:00,A-33,10,28.3,61.0
996,2023-10-05 12:00:00,A-33,10,27.800000000000004,60.5
997,2023-10-05 13:00:00,A-33,10,27.35,61.0
998,2023-10-05 14:00:00,A-33,10,27.40000000000001,61.0
999,2023-10-05 15:00:00,A-33,10,27.75,62.0
1000,2023-10-05 16:00:00,A-33,10,28.15,62.0
1001,2023-10-05 17:00:00,A-33,10,28.35,60.5
1002,2023-10-16 08:00:00,A-33,10,25.55,60.5
1003,2023-10-16 09:00:00,A-33,10,25.450000000000003,61.0
1004,2023-10-16 10:00:00,A-33,10,25.25,60.5
1005,2023-10-17 14:00:00,A-33,10,25.800000000000004,60.5
1006,2023-10-17 15:00:00,A-33,10,26.05,62.0
1007,2023-10-17 16:00:00,A-33,10,26.099999999999994,62.0
1008,2023-10-17 17:00:00,A-33,10,26.099999999999994,62.5
1009,2023-10-17 18:00:00,A-33,10,25.95,64.5
1010,2023-10-17 19:00:00,A-33,10,25.599999999999994,65.5
1011,2023-10-17 20:00:00,A-33,10,25.599999999999994,65.0
1012,2023-10-17 21:00:00,A-33,10,25.5,65.0
1013,2023-10-17 22:00:00,A-33,10,25.5,65.0
1014,2023-10-17 23:00:00,A-33,10,25.450000000000003,65.0
1015,2023-10-18 00:00:00,A-33,10,25.40000000000001,64.0
1016,2023-10-18 01:00:00,A-33,10,25.40000000000001,64.0
1017,2023-10-18 02:00:00,A-33,10,25.35,64.0
1018,2023-10-18 03:00:00,A-33,10,25.3,64.0
1019,2023-10-18 04:00:00,A-33,10,25.3,64.5
1020,2023-10-18 05:00:00,A-33,10,25.3,65.0
1021,2023-10-18 06:00:00,A-33,10,25.3,65.0
1022,2023-10-18 07:00:00,A-33,10,25.25,65.5
1023,2023-10-18 08:00:00,A-33,10,25.40000000000001,67.0
1024,2023-10-18 09:00:00,A-33,10,25.800000000000004,65.5
1025,2023-10-18 10:00:00,A-33,10,26.1,66.0
1026,2023-10-18 11:00:00,A-33,10,26.40000000000001,67.0
1027,2023-10-18 12:00:00,A-33,10,26.15,64.5
1028,2023-10-18 13:00:00,A-33,10,26.099999999999994,64.0
1029,2023-10-18 14:00:00,A-33,10,26.200000000000003,63.0
1030,2023-10-18 15:00:00,A-33,10,26.200000000000003,63.0
1031,2023-10-18 16:00:00,A-33,10,26.200000000000003,62.5
1032,2023-10-18 17:00:00,A-33,10,26.099999999999994,61.0
1033,2023-10-18 18:00:00,A-33,10,26.0,60.5
1034,2023-10-19 23:00:00,A-33,10,26.200000000000003,60.5
1035,2023-09-15 13:00:00,A-34,9,28.25,60.5
1036,2023-09-15 14:00:00,A-34,9,27.55,65.5
1037,2023-09-15 15:00:00,A-34,9,27.8,65.0
1038,2023-09-15 16:00:00,A-34,9,27.25,65.0
1039,2023-09-15 17:00:00,A-34,9,26.6,64.0
1040,2023-09-18 00:00:00,A-34,9,28.200000000000003,63.0
1041,2023-09-18 01:00:00,A-34,9,28.200000000000003,63.5
1042,2023-09-18 02:00:00,A-34,9,28.099999999999994,64.0
1043,2023-09-18 03:00:00,A-34,9,28.099999999999994,64.0
1044,2023-09-18 04:00:00,A-34,9,28.099999999999994,64.0
1045,2023-09-18 05:00:00,A-34,9,28.0,63.0
1046,2023-09-18 06:00:00,A-34,9,28.0,62.5
1047,2023-09-18 07:00:00,A-34,9,28.0,62.0
1048,2023-09-18 08:00:00,A-34,9,28.0,62.0
1049,2023-09-18 09:00:00,A-34,9,28.3,60.5
1050,2023-10-03 19:00:00,A-34,10,28.05,60.5
1051,2023-10-03 20:00:00,A-34,10,28.05,60.5
1052,2023-10-05 15:00:00,A-34,10,28.1,61.5
1053,2023-10-06 17:00:00,A-34,10,27.3,61.0
1054,2023-10-16 08:00:00,A-34,10,25.65,60.5
1055,2023-10-16 09:00:00,A-34,10,25.55,60.5
1056,2023-10-17 15:00:00,A-34,10,26.0,60.5
1057,2023-10-17 16:00:00,A-34,10,26.35,61.0
1058,2023-10-17 17:00:00,A-34,10,26.3,61.5
1059,2023-10-17 18:00:00,A-34,10,26.35,62.0
1060,2023-10-17 19:00:00,A-34,10,26.3,63.5
1061,2023-10-17 20:00:00,A-34,10,25.950000000000003,64.0
1062,2023-10-17 21:00:00,A-34,10,25.85,64.0
1063,2023-10-17 22:00:00,A-34,10,25.65,64.0
1064,2023-10-17 23:00:00,A-34,10,25.65,64.0
1065,2023-10-18 00:00:00,A-34,10,25.55,64.0
1066,2023-10-18 01:00:00,A-34,10,25.5,64.0
1067,2023-10-18 02:00:00,A-34,10,25.5,64.0
1068,2023-10-18 03:00:00,A-34,10,25.40000000000001,64.0
1069,2023-10-18 04:00:00,A-34,10,25.40000000000001,64.0
1070,2023-10-18 05:00:00,A-34,10,25.40000000000001,64.0
1071,2023-10-18 06:00:00,A-34,10,25.40000000000001,64.0
1072,2023-10-18 07:00:00,A-34,10,25.40000000000001,64.5
1073,2023-10-18 08:00:00,A-34,10,25.45,65.5
1074,2023-10-18 09:00:00,A-34,10,25.95,64.5
1075,2023-10-18 10:00:00,A-34,10,26.200000000000003,64.5
1076,2023-10-18 11:00:00,A-34,10,26.55,65.5
1077,2023-10-18 12:00:00,A-34,10,26.35,63.0
1078,2023-10-18 13:00:00,A-34,10,26.099999999999994,63.0
1079,2023-10-18 14:00:00,A-34,10,26.25,63.0
1080,2023-10-18 15:00:00,A-34,10,26.25,62.5
1081,2023-10-18 16:00:00,A-34,10,26.25,61.0
1082,2023-10-19 22:00:00,A-34,10,26.200000000000003,60.5
1083,2023-10-19 23:00:00,A-34,10,26.15,61.5
1084,2023-09-15 14:00:00,A-35,9,27.9,62.5
1085,2023-09-15 15:00:00,A-35,9,27.6,65.0
1086,2023-09-15 16:00:00,A-35,9,27.45,66.0
1087,2023-09-15 17:00:00,A-35,9,26.5,63.0
1088,2023-09-15 18:00:00,A-35,9,26.200000000000003,62.0
1089,2023-09-15 19:00:00,A-35,9,26.0,62.66666666666666
1090,2023-09-15 20:00:00,A-35,9,26.0,62.0
1091,2023-09-15 21:00:00,A-35,9,25.90000000000001,62.0
1092,2023-09-15 22:00:00,A-35,9,25.90000000000001,62.0
1093,2023-09-15 23:00:00,A-35,9,25.90000000000001,62.0
1094,2023-09-18 00:00:00,A-35,9,27.8,64.0
1095,2023-09-18 01:00:00,A-35,9,27.75,64.5
1096,2023-09-18 02:00:00,A-35,9,27.700000000000003,65.5
1097,2023-09-18 03:00:00,A-35,9,27.599999999999994,65.0
1098,2023-09-18 04:00:00,A-35,9,27.5,64.5
1099,2023-09-18 05:00:00,A-35,9,27.40000000000001,65.0
1100,2023-09-18 06:00:00,A-35,9,27.3,65.0
1101,2023-09-18 07:00:00,A-35,9,27.200000000000003,64.0
1102,2023-09-18 08:00:00,A-35,9,27.200000000000003,64.0
1103,2023-09-18 09:00:00,A-35,9,27.55,62.0
1104,2023-10-03 19:00:00,A-35,10,27.8,61.0
1105,2023-10-03 20:00:00,A-35,10,28.0,60.5
1106,2023-10-05 07:00:00,A-35,10,27.55,60.5
1107,2023-10-05 08:00:00,A-35,10,27.8,61.0
1108,2023-10-05 15:00:00,A-35,10,27.450000000000003,63.0
1109,2023-10-05 16:00:00,A-35,10,27.9,61.0
1110,2023-10-16 09:00:00,A-35,10,25.5,61.0
1111,2023-10-17 15:00:00,A-35,10,25.800000000000004,60.5
1112,2023-10-17 16:00:00,A-35,10,26.15,61.0
1113,2023-10-17 17:00:00,A-35,10,26.3,61.0
1114,2023-10-17 18:00:00,A-35,10,26.35,62.0
1115,2023-10-17 19:00:00,A-35,10,26.3,63.5
1116,2023-10-17 20:00:00,A-35,10,26.05,63.0
1117,2023-10-17 21:00:00,A-35,10,25.85,63.5
1118,2023-10-17 22:00:00,A-35,10,25.75,64.0
1119,2023-10-17 23:00:00,A-35,10,25.700000000000003,64.0
1120,2023-10-18 00:00:00,A-35,10,25.599999999999994,63.5
1121,2023-10-18 01:00:00,A-35,10,25.55,63.0
1122,2023-10-18 02:00:00,A-35,10,25.5,63.0
1123,2023-10-18 03:00:00,A-35,10,25.5,63.0
1124,2023-10-18 04:00:00,A-35,10,25.5,63.0
1125,2023-10-18 05:00:00,A-35,10,25.40000000000001,64.0
1126,2023-10-18 06:00:00,A-35,10,25.40000000000001,64.0
1127,2023-10-18 07:00:00,A-35,10,25.40000000000001,64.0
1128,2023-10-18 08:00:00,A-35,10,25.5,64.5
1129,2023-10-18 09:00:00,A-35,10,25.75,65.0
1130,2023-10-18 10:00:00,A-35,10,26.05,65.0
1131,2023-10-18 11:00:00,A-35,10,26.099999999999994,66.5
1132,2023-10-18 12:00:00,A-35,10,26.0,64.0
1133,2023-10-18 13:00:00,A-35,10,25.90000000000001,64.0
1134,2023-10-18 14:00:00,A-35,10,26.05,63.0
1135,2023-10-18 15:00:00,A-35,10,26.099999999999994,62.5
1136,2023-10-18 16:00:00,A-35,10,26.099999999999994,62.0
1137,2023-10-18 17:00:00,A-35,10,26.099999999999994,60.5
1138,2023-10-19 23:00:00,A-35,10,26.200000000000003,60.5
1139,2023-10-23 12:00:00,A-35,10,25.05,64.5
1140,2023-10-23 13:00:00,A-35,10,25.2,60.5
1141,2023-06-09 20:00:00,A-36,6,26.85,60.5
1142,2023-06-09 21:00:00,A-36,6,26.8,60.5
1143,2023-06-09 22:00:00,A-36,6,26.90000000000001,61.0
1144,2023-06-09 23:00:00,A-36,6,26.75,60.5
1145,2023-09-15 14:00:00,A-36,9,28.6,61.5
1146,2023-09-15 15:00:00,A-36,9,28.55,61.0
1147,2023-09-15 16:00:00,A-36,9,28.35,61.5
1148,2023-09-15 17:00:00,A-36,9,28.05,61.5
1149,2023-09-18 00:00:00,A-36,9,28.40000000000001,63.0
1150,2023-09-18 01:00:00,A-36,9,28.40000000000001,64.0
1151,2023-09-18 02:00:00,A-36,9,28.40000000000001,64.5
1152,2023-09-18 03:00:00,A-36,9,28.35,64.0
1153,2023-09-18 04:00:00,A-36,9,28.3,64.0
1154,2023-09-18 05:00:00,A-36,9,28.200000000000003,64.0
1155,2023-09-18 06:00:00,A-36,9,28.15,64.0
1156,2023-09-18 07:00:00,A-36,9,28.05,63.0
1157,2023-09-18 08:00:00,A-36,9,28.0,63.0
1158,2023-09-18 09:00:00,A-36,9,28.1,61.5
1159,2023-10-06 07:00:00,A-36,10,27.099999999999994,60.5
1160,2023-10-17 11:00:00,A-36,10,25.200000000000003,61.0
1161,2023-10-17 12:00:00,A-36,10,25.95,60.5
1162,2023-10-17 15:00:00,A-36,10,26.0,60.5
1163,2023-10-17 16:00:00,A-36,10,26.1,61.0
1164,2023-10-17 17:00:00,A-36,10,26.3,61.5
1165,2023-10-17 18:00:00,A-36,10,26.3,62.5
1166,2023-10-17 19:00:00,A-36,10,26.050000000000004,63.5
1167,2023-10-17 20:00:00,A-36,10,25.6,64.0
1168,2023-10-17 21:00:00,A-36,10,25.35,65.0
1169,2023-10-17 22:00:00,A-36,10,25.25,65.0
1170,2023-10-17 23:00:00,A-36,10,25.15,65.0
1171,2023-10-18 00:00:00,A-36,10,25.05,65.0
1172,2023-10-18 10:00:00,A-36,10,25.450000000000003,67.5
1173,2023-10-18 11:00:00,A-36,10,26.550000000000004,66.5
1174,2023-10-18 12:00:00,A-36,10,27.1,62.0
1175,2023-10-18 13:00:00,A-36,10,26.65,62.0
1176,2023-10-18 14:00:00,A-36,10,26.9,61.0
1177,2023-10-18 15:00:00,A-36,10,27.0,60.5
1178,2023-10-19 22:00:00,A-36,10,26.40000000000001,61.0
1179,2023-10-19 23:00:00,A-36,10,26.35,62.0
1180,2023-10-20 00:00:00,A-36,10,26.25,60.5
1181,2023-10-23 13:00:00,A-36,10,25.200000000000003,63.5
1182,2023-06-09 20:00:00,A-41,6,26.550000000000004,61.0
1183,2023-06-21 05:00:00,A-41,6,27.55,61.0
1184,2023-09-15 15:00:00,A-41,9,27.6,64.0
1185,2023-09-15 16:00:00,A-41,9,26.85,68.0
1186,2023-09-15 17:00:00,A-41,9,27.25,64.0
1187,2023-09-15 18:00:00,A-41,9,27.05,62.0
1188,2023-09-15 19:00:00,A-41,9,26.4,61.0
1189,2023-09-18 00:00:00,A-41,9,27.90000000000001,64.0
1190,2023-09-18 01:00:00,A-41,9,27.90000000000001,64.0
1191,2023-09-18 02:00:00,A-41,9,27.90000000000001,64.0
1192,2023-09-18 03:00:00,A-41,9,27.90000000000001,64.0
1193,2023-09-18 04:00:00,A-41,9,27.90000000000001,64.0
1194,2023-09-18 05:00:00,A-41,9,27.85,63.5
1195,2023-09-18 06:00:00,A-41,9,27.8,63.0
1196,2023-09-18 07:00:00,A-41,9,27.700000000000003,63.0
1197,2023-09-18 08:00:00,A-41,9,27.599999999999994,61.5
1198,2023-10-02 15:00:00,A-41,10,28.05,61.5
1199,2023-10-02 18:00:00,A-41,10,28.15,60.5
1200,2023-10-02 19:00:00,A-41,10,27.9,62.0
1201,2023-10-02 20:00:00,A-41,10,27.7,62.0
1202,2023-10-05 14:00:00,A-41,10,27.35,61.0
1203,2023-10-05 15:00:00,A-41,10,28.0,62.0
1204,2023-10-05 16:00:00,A-41,10,28.5,62.0
1205,2023-10-16 07:00:00,A-41,10,25.099999999999994,61.0
1206,2023-10-16 08:00:00,A-41,10,25.05,61.5
1207,2023-10-17 15:00:00,A-41,10,25.45,63.0
1208,2023-10-17 16:00:00,A-41,10,26.450000000000003,61.5
1209,2023-10-17 17:00:00,A-41,10,26.7,61.5
1210,2023-10-17 18:00:00,A-41,10,26.25,62.5
1211,2023-10-17 19:00:00,A-41,10,25.700000000000003,64.5
1212,2023-10-17 20:00:00,A-41,10,25.55,64.0
1213,2023-10-17 21:00:00,A-41,10,25.450000000000003,64.0
1214,2023-10-17 22:00:00,A-41,10,25.3,64.0
1215,2023-10-17 23:00:00,A-41,10,25.25,64.0
1216,2023-10-18 00:00:00,A-41,10,25.200000000000003,64.0
1217,2023-10-18 01:00:00,A-41,10,25.05,64.0
1218,2023-10-18 09:00:00,A-41,10,25.4,66.5
1219,2023-10-18 10:00:00,A-41,10,25.65,66.5
1220,2023-10-18 11:00:00,A-41,10,25.700000000000003,66.5
1221,2023-10-18 12:00:00,A-41,10,25.65,64.0
1222,2023-10-18 13:00:00,A-41,10,25.65,64.5
1223,2023-10-18 14:00:00,A-41,10,25.85,65.0
1224,2023-10-18 15:00:00,A-41,10,26.550000000000004,64.5
1225,2023-10-18 16:00:00,A-41,10,26.9,61.0
1226,2023-06-21 05:00:00,A-42,6,27.75,60.5
1227,2023-06-21 06:00:00,A-42,6,27.8,61.0
1228,2023-06-21 07:00:00,A-42,6,27.8,60.5
1229,2023-09-15 13:00:00,A-42,9,28.300000000000004,60.5
1230,2023-09-15 14:00:00,A-42,9,27.9,63.5
1231,2023-09-15 15:00:00,A-42,9,26.950000000000003,64.5
1232,2023-09-15 16:00:00,A-42,9,26.25,66.0
1233,2023-09-15 17:00:00,A-42,9,25.5,66.5
1234,2023-09-15 18:00:00,A-42,9,26.950000000000003,65.0
1235,2023-09-15 19:00:00,A-42,9,27.5,63.0
1236,2023-09-15 20:00:00,A-42,9,27.5,61.5
1237,2023-09-15 21:00:00,A-42,9,27.5,61.0
1238,2023-09-18 00:00:00,A-42,9,28.05,65.0
1239,2023-09-18 01:00:00,A-42,9,28.05,65.0
1240,2023-09-18 02:00:00,A-42,9,28.0,65.5
1241,2023-09-18 03:00:00,A-42,9,28.0,66.0
1242,2023-09-18 04:00:00,A-42,9,28.0,65.5
1243,2023-09-18 05:00:00,A-42,9,27.90000000000001,65.0
1244,2023-09-18 06:00:00,A-42,9,27.85,65.0
1245,2023-09-18 07:00:00,A-42,9,27.75,64.5
1246,2023-09-18 08:00:00,A-42,9,27.75,64.0
1247,2023-09-18 09:00:00,A-42,9,28.65,62.0
1248,2023-09-28 09:00:00,A-42,9,27.55,61.0
1249,2023-10-02 08:00:00,A-42,10,27.15,61.0
1250,2023-10-02 09:00:00,A-42,10,27.6,62.0
1251,2023-10-02 10:00:00,A-42,10,27.8,61.5
1252,2023-10-02 17:00:00,A-42,10,28.15,60.5
1253,2023-10-02 18:00:00,A-42,10,28.05,60.5
1254,2023-10-02 19:00:00,A-42,10,27.90000000000001,61.0
1255,2023-10-02 20:00:00,A-42,10,27.85,61.0
1256,2023-10-02 21:00:00,A-42,10,27.8,61.0
1257,2023-10-02 22:00:00,A-42,10,27.8,61.0
1258,2023-10-02 23:00:00,A-42,10,27.700000000000003,61.0
1259,2023-10-03 01:00:00,A-42,10,27.599999999999994,60.5
1260,2023-10-03 02:00:00,A-42,10,27.599999999999994,61.0
1261,2023-10-03 03:00:00,A-42,10,27.5,61.0
1262,2023-10-03 04:00:00,A-42,10,27.450000000000003,61.0
1263,2023-10-03 05:00:00,A-42,10,27.40000000000001,61.0
1264,2023-10-03 06:00:00,A-42,10,27.40000000000001,61.0
1265,2023-10-03 07:00:00,A-42,10,27.300000000000004,61.0
1266,2023-10-03 08:00:00,A-42,10,27.300000000000004,61.0
1267,2023-10-03 09:00:00,A-42,10,28.25,60.5
1268,2023-10-03 19:00:00,A-42,10,27.933333333333334,61.333333333333336
1269,2023-10-03 20:00:00,A-42,10,28.0,62.0
1270,2023-10-03 21:00:00,A-42,10,28.0,61.5
1271,2023-10-03 22:00:00,A-42,10,28.0,61.0
1272,2023-10-03 23:00:00,A-42,10,28.0,61.0
1273,2023-10-04 00:00:00,A-42,10,27.90000000000001,61.0
1274,2023-10-05 09:00:00,A-42,10,28.45,60.5
1275,2023-10-05 13:00:00,A-42,10,27.700000000000003,61.0
1276,2023-10-05 14:00:00,A-42,10,27.85,61.0
1277,2023-10-05 15:00:00,A-42,10,28.35,62.0
1278,2023-10-05 16:00:00,A-42,10,28.40000000000001,62.0
1279,2023-10-05 17:00:00,A-42,10,28.25,61.0
1280,2023-10-05 20:00:00,A-42,10,27.8,61.0
1281,2023-10-05 21:00:00,A-42,10,27.8,61.0
1282,2023-10-05 22:00:00,A-42,10,27.75,61.0
1283,2023-10-05 23:00:00,A-42,10,27.700000000000003,61.0
1284,2023-10-06 00:00:00,A-42,10,27.65,61.0
1285,2023-10-06 01:00:00,A-42,10,27.599999999999994,61.0
1286,2023-10-06 02:00:00,A-42,10,27.55,61.0
1287,2023-10-06 03:00:00,A-42,10,27.5,61.0
1288,2023-10-06 08:00:00,A-42,10,27.9,60.5
1289,2023-10-06 17:00:00,A-42,10,28.15,61.0
1290,2023-10-10 20:00:00,A-42,10,27.099999999999994,60.5
1291,2023-10-16 06:00:00,A-42,10,25.40000000000001,60.5
1292,2023-10-16 07:00:00,A-42,10,25.35,61.5
1293,2023-10-17 09:00:00,A-42,10,25.450000000000003,61.0
1294,2023-10-17 12:00:00,A-42,10,25.35,60.5
1295,2023-10-17 13:00:00,A-42,10,25.3,61.5
1296,2023-10-17 14:00:00,A-42,10,25.450000000000003,62.0
1297,2023-10-17 15:00:00,A-42,10,25.800000000000004,63.0
1298,2023-10-17 16:00:00,A-42,10,25.950000000000003,63.0
1299,2023-10-17 17:00:00,A-42,10,25.950000000000003,63.0
1300,2023-10-17 18:00:00,A-42,10,25.8,64.0
1301,2023-10-17 19:00:00,A-42,10,25.8,65.0
1302,2023-10-17 20:00:00,A-42,10,25.65,66.0
1303,2023-10-17 21:00:00,A-42,10,25.5,65.0
1304,2023-10-17 22:00:00,A-42,10,25.40000000000001,66.0
1305,2023-10-17 23:00:00,A-42,10,25.35,66.0
1306,2023-10-18 00:00:00,A-42,10,25.3,66.0
1307,2023-10-18 01:00:00,A-42,10,25.200000000000003,66.0
1308,2023-10-18 02:00:00,A-42,10,25.200000000000003,66.0
1309,2023-10-18 03:00:00,A-42,10,25.099999999999994,66.0
1310,2023-10-18 04:00:00,A-42,10,25.099999999999994,66.0
1311,2023-10-18 05:00:00,A-42,10,25.099999999999994,66.0
1312,2023-10-18 06:00:00,A-42,10,25.05,66.0
1313,2023-10-18 07:00:00,A-42,10,25.099999999999994,67.0
1314,2023-10-18 08:00:00,A-42,10,25.05,67.0
1315,2023-10-18 09:00:00,A-42,10,25.85,68.0
1316,2023-10-18 10:00:00,A-42,10,26.25,67.0
1317,2023-10-18 11:00:00,A-42,10,26.1,66.5
1318,2023-10-18 12:00:00,A-42,10,25.85,66.0
1319,2023-10-18 13:00:00,A-42,10,25.8,66.0
1320,2023-10-18 14:00:00,A-42,10,25.85,66.0
1321,2023-10-18 15:00:00,A-42,10,26.15,66.0
1322,2023-10-18 16:00:00,A-42,10,26.3,65.0
1323,2023-10-18 17:00:00,A-42,10,26.3,64.0
1324,2023-10-18 18:00:00,A-42,10,26.55,63.0
1325,2023-10-18 19:00:00,A-42,10,26.700000000000003,61.5
1326,2023-10-19 22:00:00,A-42,10,25.950000000000003,60.5
1327,2023-10-19 23:00:00,A-42,10,25.90000000000001,62.0
1328,2023-10-20 00:00:00,A-42,10,25.75,61.5
1329,2023-09-15 14:00:00,A-43,9,28.25,61.0
1330,2023-09-15 15:00:00,A-43,9,28.5,64.5
1331,2023-09-15 16:00:00,A-43,9,28.55,61.5
1332,2023-09-18 00:00:00,A-43,9,28.099999999999994,63.0
1333,2023-09-18 01:00:00,A-43,9,28.099999999999994,63.5
1334,2023-09-18 02:00:00,A-43,9,28.099999999999994,64.0
1335,2023-09-18 03:00:00,A-43,9,28.099999999999994,64.0
1336,2023-09-18 04:00:00,A-43,9,28.0,63.5
1337,2023-09-18 05:00:00,A-43,9,28.0,63.0
1338,2023-09-18 06:00:00,A-43,9,28.0,63.0
1339,2023-09-18 07:00:00,A-43,9,28.0,62.5
1340,2023-09-18 08:00:00,A-43,9,27.90000000000001,62.0
1341,2023-09-18 09:00:00,A-43,9,28.1,61.0
1342,2023-10-03 18:00:00,A-43,10,27.55,60.5
1343,2023-10-03 19:00:00,A-43,10,27.55,61.0
1344,2023-10-03 20:00:00,A-43,10,27.45,61.5
1345,2023-10-05 15:00:00,A-43,10,27.75,61.0
1346,2023-10-16 07:00:00,A-43,10,25.3,61.0
1347,2023-10-16 08:00:00,A-43,10,25.300000000000004,62.0
1348,2023-10-16 09:00:00,A-43,10,25.25,63.0
1349,2023-10-17 15:00:00,A-43,10,25.6,60.5
1350,2023-10-17 16:00:00,A-43,10,25.8,61.5
1351,2023-10-17 17:00:00,A-43,10,25.8,61.5
1352,2023-10-17 18:00:00,A-43,10,25.9,63.0
1353,2023-10-17 19:00:00,A-43,10,26.15,64.0
1354,2023-10-17 20:00:00,A-43,10,26.2,64.0
1355,2023-10-17 21:00:00,A-43,10,25.9,64.0
1356,2023-10-17 22:00:00,A-43,10,25.65,64.0
1357,2023-10-17 23:00:00,A-43,10,25.55,64.0
1358,2023-10-18 00:00:00,A-43,10,25.450000000000003,64.0
1359,2023-10-18 01:00:00,A-43,10,25.40000000000001,64.0
1360,2023-10-18 02:00:00,A-43,10,25.3,64.0
1361,2023-10-18 03:00:00,A-43,10,25.3,64.0
1362,2023-10-18 04:00:00,A-43,10,25.3,64.0
1363,2023-10-18 05:00:00,A-43,10,25.25,64.5
1364,2023-10-18 06:00:00,A-43,10,25.200000000000003,65.0
1365,2023-10-18 07:00:00,A-43,10,25.25,65.5
1366,2023-10-18 08:00:00,A-43,10,25.200000000000003,66.0
1367,2023-10-18 09:00:00,A-43,10,25.5,65.5
1368,2023-10-18 10:00:00,A-43,10,25.75,65.0
1369,2023-10-18 11:00:00,A-43,10,25.8,65.0
1370,2023-10-18 12:00:00,A-43,10,25.700000000000003,64.0
1371,2023-10-18 13:00:00,A-43,10,25.75,64.0
1372,2023-10-18 14:00:00,A-43,10,25.85,63.0
1373,2023-10-18 15:00:00,A-43,10,26.05,62.5
1374,2023-10-18 16:00:00,A-43,10,26.35,60.5
1375,2023-10-19 22:00:00,A-43,10,25.950000000000003,60.5
1376,2023-10-19 23:00:00,A-43,10,25.90000000000001,61.5
1377,2023-09-18 00:00:00,A-44,9,28.200000000000003,62.5
1378,2023-09-18 01:00:00,A-44,9,28.200000000000003,63.0
1379,2023-09-18 02:00:00,A-44,9,28.15,64.0
1380,2023-09-18 03:00:00,A-44,9,28.099999999999994,63.5
1381,2023-09-18 04:00:00,A-44,9,28.099999999999994,63.0
1382,2023-09-18 05:00:00,A-44,9,28.0,62.5
1383,2023-09-18 06:00:00,A-44,9,28.05,62.5
1384,2023-09-18 07:00:00,A-44,9,27.85,61.5
1385,2023-09-18 08:00:00,A-44,9,27.95,60.5
1386,2023-10-05 09:00:00,A-44,10,28.25,61.0
1387,2023-10-05 14:00:00,A-44,10,27.40000000000001,60.5
1388,2023-10-05 15:00:00,A-44,10,27.6,61.5
1389,2023-10-05 16:00:00,A-44,10,28.2,61.0
1390,2023-10-16 08:00:00,A-44,10,25.5,60.5
1391,2023-10-16 09:00:00,A-44,10,25.8,61.0
1392,2023-10-17 17:00:00,A-44,10,26.0,61.0
1393,2023-10-17 18:00:00,A-44,10,26.0,63.0
1394,2023-10-17 19:00:00,A-44,10,26.200000000000003,63.5
1395,2023-10-17 20:00:00,A-44,10,26.15,63.5
1396,2023-10-17 21:00:00,A-44,10,25.950000000000003,64.0
1397,2023-10-17 22:00:00,A-44,10,25.75,64.0
1398,2023-10-17 23:00:00,A-44,10,25.65,64.0
1399,2023-10-18 00:00:00,A-44,10,25.599999999999994,64.0
1400,2023-10-18 01:00:00,A-44,10,25.599999999999994,63.0
1401,2023-10-18 02:00:00,A-44,10,25.5,63.0
1402,2023-10-18 03:00:00,A-44,10,25.450000000000003,63.0
1403,2023-10-18 04:00:00,A-44,10,25.40000000000001,63.5
1404,2023-10-18 05:00:00,A-44,10,25.40000000000001,64.0
1405,2023-10-18 06:00:00,A-44,10,25.3,64.0
1406,2023-10-18 07:00:00,A-44,10,25.40000000000001,65.0
1407,2023-10-18 08:00:00,A-44,10,25.35,66.0
1408,2023-10-18 09:00:00,A-44,10,26.05,66.5
1409,2023-10-18 10:00:00,A-44,10,26.599999999999994,64.0
1410,2023-10-18 11:00:00,A-44,10,26.65,64.0
1411,2023-10-18 12:00:00,A-44,10,26.599999999999994,62.0
1412,2023-10-18 13:00:00,A-44,10,26.700000000000003,61.0
1413,2023-10-18 14:00:00,A-44,10,26.4,61.5
1414,2023-10-18 15:00:00,A-44,10,26.3,62.5
1415,2023-10-18 16:00:00,A-44,10,26.40000000000001,61.0
1416,2023-10-19 23:00:00,A-44,10,26.0,60.5
1417,2023-06-21 05:00:00,A-51,6,27.200000000000003,61.0
1418,2023-06-21 06:00:00,A-51,6,27.200000000000003,60.5
1419,2023-06-21 15:00:00,A-51,6,28.0,62.0
1420,2023-06-21 16:00:00,A-51,6,27.65,63.5
1421,2023-06-21 17:00:00,A-51,6,27.25,64.5
1422,2023-06-21 18:00:00,A-51,6,27.3,64.5
1423,2023-06-21 19:00:00,A-51,6,27.40000000000001,64.0
1424,2023-06-21 20:00:00,A-51,6,27.65,62.5
1425,2023-06-21 21:00:00,A-51,6,27.700000000000003,62.0
1426,2023-06-21 22:00:00,A-51,6,27.700000000000003,61.5
1427,2023-06-21 23:00:00,A-51,6,27.700000000000003,61.0
1428,2023-06-22 00:00:00,A-51,6,27.700000000000003,61.0
1429,2023-06-22 01:00:00,A-51,6,27.700000000000003,60.5
1430,2023-09-15 16:00:00,A-51,9,27.85,61.0
1431,2023-09-15 17:00:00,A-51,9,27.450000000000003,60.5
1432,2023-09-18 00:00:00,A-51,9,27.8,64.0
1433,2023-09-18 01:00:00,A-51,9,27.85,65.0
1434,2023-09-18 02:00:00,A-51,9,27.8,65.0
1435,2023-09-18 03:00:00,A-51,9,27.8,65.0
1436,2023-09-18 04:00:00,A-51,9,27.700000000000003,64.5
1437,2023-09-18 05:00:00,A-51,9,27.700000000000003,63.5
1438,2023-09-18 06:00:00,A-51,9,27.700000000000003,63.5
1439,2023-09-18 07:00:00,A-51,9,27.700000000000003,63.0
1440,2023-09-18 08:00:00,A-51,9,27.65,62.0
1441,2023-10-02 18:00:00,A-51,10,29.05,61.0
1442,2023-10-02 19:00:00,A-51,10,28.9,61.5
1443,2023-10-16 06:00:00,A-51,10,25.200000000000003,60.5
1444,2023-10-16 07:00:00,A-51,10,25.15,61.0
1445,2023-10-16 08:00:00,A-51,10,25.05,61.5
1446,2023-10-17 15:00:00,A-51,10,25.099999999999994,61.5
1447,2023-10-17 16:00:00,A-51,10,25.05,61.5
1448,2023-10-18 09:00:00,A-51,10,25.2,66.0
1449,2023-10-18 10:00:00,A-51,10,25.55,65.0
1450,2023-10-18 11:00:00,A-51,10,25.65,65.0
1451,2023-10-18 12:00:00,A-51,10,25.599999999999994,64.0
1452,2023-10-18 13:00:00,A-51,10,25.65,65.5
1453,2023-10-18 14:00:00,A-51,10,25.85,65.0
1454,2023-10-18 15:00:00,A-51,10,25.65,64.5
1455,2023-10-18 16:00:00,A-51,10,25.599999999999994,64.0
1456,2023-10-18 17:00:00,A-51,10,25.65,63.5
1457,2023-10-18 18:00:00,A-51,10,25.85,61.5
1458,2023-10-19 22:00:00,A-51,10,25.40000000000001,61.5
1459,2023-10-19 23:00:00,A-51,10,25.40000000000001,62.5
1460,2023-06-21 05:00:00,A-52,6,27.450000000000003,60.5
1461,2023-06-21 15:00:00,A-52,6,28.25,60.5
1462,2023-06-21 16:00:00,A-52,6,27.950000000000003,62.5
1463,2023-06-21 17:00:00,A-52,6,27.5,63.5
1464,2023-06-21 18:00:00,A-52,6,27.450000000000003,64.0
1465,2023-06-21 19:00:00,A-52,6,27.5,63.5
1466,2023-06-21 20:00:00,A-52,6,27.75,62.0
1467,2023-06-21 21:00:00,A-52,6,27.8,61.5
1468,2023-06-21 22:00:00,A-52,6,27.90000000000001,61.0
1469,2023-06-21 23:00:00,A-52,6,27.90000000000001,61.0
1470,2023-09-15 16:00:00,A-52,9,28.05,60.5
1471,2023-09-18 00:00:00,A-52,9,28.0,64.0
1472,2023-09-18 01:00:00,A-52,9,27.950000000000003,64.5
1473,2023-09-18 02:00:00,A-52,9,27.950000000000003,65.0
1474,2023-09-18 03:00:00,A-52,9,27.90000000000001,64.5
1475,2023-09-18 04:00:00,A-52,9,27.90000000000001,64.0
1476,2023-09-18 05:00:00,A-52,9,27.90000000000001,63.0
1477,2023-09-18 06:00:00,A-52,9,27.8,63.0
1478,2023-09-18 07:00:00,A-52,9,27.8,62.5
1479,2023-09-18 08:00:00,A-52,9,27.8,61.5
1480,2023-10-16 09:00:00,A-52,10,25.35,61.0
1481,2023-10-17 15:00:00,A-52,10,25.200000000000003,61.0
1482,2023-10-17 16:00:00,A-52,10,25.200000000000003,61.0
1483,2023-10-17 17:00:00,A-52,10,25.200000000000003,61.5
1484,2023-10-17 18:00:00,A-52,10,25.099999999999994,62.0
1485,2023-10-17 19:00:00,A-52,10,25.05,63.0
1486,2023-10-18 09:00:00,A-52,10,25.1,66.0
1487,2023-10-18 10:00:00,A-52,10,25.55,65.0
1488,2023-10-18 11:00:00,A-52,10,25.700000000000003,65.0
1489,2023-10-18 12:00:00,A-52,10,25.65,64.5
1490,2023-10-18 13:00:00,A-52,10,25.599999999999994,64.5
1491,2023-10-18 14:00:00,A-52,10,25.700000000000003,65.0
1492,2023-10-18 15:00:00,A-52,10,25.700000000000003,64.5
1493,2023-10-18 16:00:00,A-52,10,25.700000000000003,63.5
1494,2023-10-18 17:00:00,A-52,10,26.1,63.0
1495,2023-10-18 18:00:00,A-52,10,26.85,60.5
1496,2023-10-19 22:00:00,A-52,10,25.599999999999994,60.5
1497,2023-10-19 23:00:00,A-52,10,25.599999999999994,62.0
1498,2023-06-21 18:00:00,A-53,6,28.200000000000003,60.5
1499,2023-06-21 19:00:00,A-53,6,28.25,60.5
1500,2023-06-21 20:00:00,A-53,6,28.200000000000003,61.0
1501,2023-06-21 21:00:00,A-53,6,28.15,61.0
1502,2023-09-15 14:00:00,A-53,9,28.1,62.0
1503,2023-09-15 15:00:00,A-53,9,28.15,61.5
1504,2023-09-15 16:00:00,A-53,9,28.15,60.5
1505,2023-09-18 00:00:00,A-53,9,28.0,63.0
1506,2023-09-18 01:00:00,A-53,9,28.0,63.5
1507,2023-09-18 02:00:00,A-53,9,28.05,64.0
1508,2023-09-18 03:00:00,A-53,9,28.0,64.0
1509,2023-09-18 04:00:00,A-53,9,28.0,64.0
1510,2023-09-18 05:00:00,A-53,9,28.0,63.0
1511,2023-09-18 06:00:00,A-53,9,27.90000000000001,62.0
1512,2023-09-18 07:00:00,A-53,9,27.90000000000001,62.0
1513,2023-10-17 17:00:00,A-53,10,25.3,60.5
1514,2023-10-17 18:00:00,A-53,10,25.3,61.0
1515,2023-10-17 19:00:00,A-53,10,25.3,62.0
1516,2023-10-17 20:00:00,A-53,10,25.3,63.0
1517,2023-10-17 21:00:00,A-53,10,25.200000000000003,63.0
1518,2023-10-17 22:00:00,A-53,10,25.200000000000003,64.0
1519,2023-10-17 23:00:00,A-53,10,25.200000000000003,64.0
1520,2023-10-18 00:00:00,A-53,10,25.200000000000003,64.0
1521,2023-10-18 01:00:00,A-53,10,25.200000000000003,64.0
1522,2023-10-18 02:00:00,A-53,10,25.099999999999994,64.0
1523,2023-10-18 03:00:00,A-53,10,25.099999999999994,64.0
1524,2023-10-18 04:00:00,A-53,10,25.099999999999994,64.0
1525,2023-10-18 05:00:00,A-53,10,25.099999999999994,64.0
1526,2023-10-18 06:00:00,A-53,10,25.099999999999994,64.0
1527,2023-10-18 07:00:00,A-53,10,25.099999999999994,64.0
1528,2023-10-18 08:00:00,A-53,10,25.25,64.0
1529,2023-10-18 09:00:00,A-53,10,25.25,64.0
1530,2023-10-18 10:00:00,A-53,10,25.40000000000001,64.0
1531,2023-10-18 11:00:00,A-53,10,25.55,64.0
1532,2023-10-18 12:00:00,A-53,10,25.599999999999994,64.0
1533,2023-10-18 13:00:00,A-53,10,25.5,64.0
1534,2023-10-18 14:00:00,A-53,10,25.5,64.0
1535,2023-10-18 15:00:00,A-53,10,25.599999999999994,64.0
1536,2023-10-18 16:00:00,A-53,10,25.599999999999994,63.5
1537,2023-10-18 17:00:00,A-53,10,25.599999999999994,63.0
1538,2023-10-18 18:00:00,A-53,10,25.5,62.0
1539,2023-10-18 19:00:00,A-53,10,25.5,61.0
1540,2023-10-18 20:00:00,A-53,10,25.5,60.5
1541,2023-10-19 22:00:00,A-53,10,25.65,60.5
1542,2023-10-19 23:00:00,A-53,10,25.65,62.0
1543,2023-10-20 00:00:00,A-53,10,25.55,60.5
1544,2023-06-21 17:00:00,A-54,6,28.15,60.5
1545,2023-06-21 18:00:00,A-54,6,28.15,61.0
1546,2023-06-21 19:00:00,A-54,6,28.25,61.0
1547,2023-06-21 20:00:00,A-54,6,28.099999999999994,61.5
1548,2023-06-21 21:00:00,A-54,6,28.15,60.5
1549,2023-09-15 14:00:00,A-54,9,27.950000000000003,62.0
1550,2023-09-15 15:00:00,A-54,9,28.05,62.0
1551,2023-09-15 16:00:00,A-54,9,27.950000000000003,61.0
1552,2023-09-18 00:00:00,A-54,9,28.05,63.0
1553,2023-09-18 01:00:00,A-54,9,28.099999999999994,64.0
1554,2023-09-18 02:00:00,A-54,9,28.099999999999994,64.0
1555,2023-09-18 03:00:00,A-54,9,28.0,64.0
1556,2023-09-18 04:00:00,A-54,9,28.0,63.5
1557,2023-09-18 05:00:00,A-54,9,28.0,63.0
1558,2023-09-18 06:00:00,A-54,9,27.90000000000001,62.0
1559,2023-09-18 07:00:00,A-54,9,27.90000000000001,62.0
1560,2023-09-18 08:00:00,A-54,9,27.90000000000001,61.5
1561,2023-10-17 18:00:00,A-54,10,25.35,61.0
1562,2023-10-17 19:00:00,A-54,10,25.3,62.0
1563,2023-10-17 20:00:00,A-54,10,25.3,63.0
1564,2023-10-17 21:00:00,A-54,10,25.25,63.5
1565,2023-10-17 22:00:00,A-54,10,25.200000000000003,64.0
1566,2023-10-17 23:00:00,A-54,10,25.200000000000003,64.0
1567,2023-10-18 00:00:00,A-54,10,25.200000000000003,64.0
1568,2023-10-18 01:00:00,A-54,10,25.200000000000003,64.0
1569,2023-10-18 02:00:00,A-54,10,25.200000000000003,64.0
1570,2023-10-18 03:00:00,A-54,10,25.099999999999994,64.0
1571,2023-10-18 04:00:00,A-54,10,25.099999999999994,64.0
1572,2023-10-18 05:00:00,A-54,10,25.099999999999994,64.0
1573,2023-10-18 06:00:00,A-54,10,25.099999999999994,64.0
1574,2023-10-18 07:00:00,A-54,10,25.099999999999994,65.0
1575,2023-10-18 08:00:00,A-54,10,25.099999999999994,65.0
1576,2023-10-18 09:00:00,A-54,10,25.300000000000004,65.0
1577,2023-10-18 10:00:00,A-54,10,25.55,64.0
1578,2023-10-18 11:00:00,A-54,10,25.599999999999994,64.0
1579,2023-10-18 12:00:00,A-54,10,25.599999999999994,64.0
1580,2023-10-18 13:00:00,A-54,10,25.599999999999994,64.0
1581,2023-10-18 14:00:00,A-54,10,25.599999999999994,64.0
1582,2023-10-18 15:00:00,A-54,10,25.700000000000003,63.5
1583,2023-10-18 16:00:00,A-54,10,25.700000000000003,62.5
1584,2023-10-18 17:00:00,A-54,10,25.599999999999994,61.5
1585,2023-10-18 18:00:00,A-54,10,25.599999999999994,61.0
1586,2023-10-18 19:00:00,A-54,10,25.599999999999994,60.5
1587,2023-10-19 22:00:00,A-54,10,25.55,61.5
1588,2023-10-19 23:00:00,A-54,10,25.5,62.5
1589,2023-06-13 16:00:00,A-55,6,27.1,60.5
1590,2023-09-18 00:00:00,A-55,9,28.099999999999994,63.5
1591,2023-09-18 01:00:00,A-55,9,28.099999999999994,64.0
1592,2023-09-18 02:00:00,A-55,9,28.099999999999994,65.0
1593,2023-09-18 03:00:00,A-55,9,28.099999999999994,64.0
1594,2023-09-18 04:00:00,A-55,9,28.0,64.0
1595,2023-09-18 05:00:00,A-55,9,28.0,63.0
1596,2023-09-18 06:00:00,A-55,9,27.9,63.5
1597,2023-09-18 07:00:00,A-55,9,27.90000000000001,63.0
1598,2023-09-18 08:00:00,A-55,9,27.90000000000001,62.0
1599,2023-09-18 09:00:00,A-55,9,28.2,60.5
1600,2023-10-16 07:00:00,A-55,10,25.40000000000001,61.0
1601,2023-10-16 08:00:00,A-55,10,25.3,61.0
1602,2023-10-16 09:00:00,A-55,10,25.25,61.0
1603,2023-10-16 10:00:00,A-55,10,25.200000000000003,60.5
1604,2023-10-17 17:00:00,A-55,10,25.40000000000001,61.0
1605,2023-10-17 18:00:00,A-55,10,25.35,62.0
1606,2023-10-17 19:00:00,A-55,10,25.3,63.0
1607,2023-10-17 20:00:00,A-55,10,25.25,64.0
1608,2023-10-17 21:00:00,A-55,10,25.200000000000003,64.0
1609,2023-10-17 22:00:00,A-55,10,25.15,65.0
1610,2023-10-17 23:00:00,A-55,10,25.099999999999994,65.0
1611,2023-10-18 00:00:00,A-55,10,25.099999999999994,65.0
1612,2023-10-18 01:00:00,A-55,10,25.05,65.0
1613,2023-10-18 09:00:00,A-55,10,25.550000000000004,65.0
1614,2023-10-18 10:00:00,A-55,10,25.950000000000003,64.0
1615,2023-10-18 11:00:00,A-55,10,26.0,64.0
1616,2023-10-18 12:00:00,A-55,10,25.950000000000003,63.5
1617,2023-10-18 13:00:00,A-55,10,25.90000000000001,63.0
1618,2023-10-18 14:00:00,A-55,10,25.950000000000003,63.0
1619,2023-10-18 15:00:00,A-55,10,26.0,63.0
1620,2023-10-18 16:00:00,A-55,10,26.0,62.0
1621,2023-10-18 17:00:00,A-55,10,25.950000000000003,61.0
1622,2023-10-19 22:00:00,A-55,10,25.599999999999994,61.5
1623,2023-10-19 23:00:00,A-55,10,25.599999999999994,62.0
1624,2023-10-20 00:00:00,A-55,10,25.450000000000003,60.5
1625,2023-09-18 00:00:00,A-56,9,28.099999999999994,64.0
1626,2023-09-18 01:00:00,A-56,9,28.099999999999994,64.5
1627,2023-09-18 02:00:00,A-56,9,28.099999999999994,65.0
1628,2023-09-18 03:00:00,A-56,9,28.05,64.5
1629,2023-09-18 04:00:00,A-56,9,28.0,64.0
1630,2023-09-18 05:00:00,A-56,9,28.0,63.0
1631,2023-09-18 06:00:00,A-56,9,28.0,63.0
1632,2023-09-18 07:00:00,A-56,9,27.950000000000003,63.0
1633,2023-09-18 08:00:00,A-56,9,27.90000000000001,62.0
1634,2023-09-18 09:00:00,A-56,9,28.1,61.5
1635,2023-10-16 06:00:00,A-56,10,25.3,61.0
1636,2023-10-16 07:00:00,A-56,10,25.25,61.5
1637,2023-10-16 08:00:00,A-56,10,25.200000000000003,62.0
1638,2023-10-16 09:00:00,A-56,10,25.099999999999994,62.0
1639,2023-10-16 10:00:00,A-56,10,25.099999999999994,61.5
1640,2023-10-17 15:00:00,A-56,10,25.05,61.0
1641,2023-10-17 16:00:00,A-56,10,25.099999999999994,61.5
1642,2023-10-17 17:00:00,A-56,10,25.099999999999994,62.5
1643,2023-10-17 18:00:00,A-56,10,25.099999999999994,63.5
1644,2023-10-18 10:00:00,A-56,10,25.3,66.0
1645,2023-10-18 11:00:00,A-56,10,25.40000000000001,66.0
1646,2023-10-18 12:00:00,A-56,10,25.40000000000001,65.5
1647,2023-10-18 13:00:00,A-56,10,25.40000000000001,65.0
1648,2023-10-18 14:00:00,A-56,10,25.450000000000003,65.0
1649,2023-10-18 15:00:00,A-56,10,25.450000000000003,64.5
1650,2023-10-18 16:00:00,A-56,10,25.5,64.0
1651,2023-10-18 17:00:00,A-56,10,25.5,63.0
1652,2023-10-18 18:00:00,A-56,10,25.450000000000003,62.0
1653,2023-10-18 19:00:00,A-56,10,25.40000000000001,61.5
1654,2023-10-18 20:00:00,A-56,10,25.40000000000001,60.5
1655,2023-10-19 21:00:00,A-56,10,25.40000000000001,60.5
1656,2023-10-19 22:00:00,A-56,10,25.40000000000001,61.5
1657,2023-10-19 23:00:00,A-56,10,25.40000000000001,63.0
1658,2023-10-20 00:00:00,A-56,10,25.3,62.0
1659,2023-06-21 05:00:00,A-61,6,27.099999999999994,61.5
1660,2023-06-21 06:00:00,A-61,6,27.099999999999994,61.0
1661,2023-06-21 07:00:00,A-61,6,27.200000000000003,61.0
1662,2023-06-21 19:00:00,A-61,6,28.0,60.5
1663,2023-06-21 20:00:00,A-61,6,27.90000000000001,61.0
1664,2023-06-21 21:00:00,A-61,6,27.85,61.0
1665,2023-06-21 22:00:00,A-61,6,27.8,61.0
1666,2023-06-21 23:00:00,A-61,6,27.8,60.5
1667,2023-09-18 00:00:00,A-61,9,28.0,64.0
1668,2023-09-18 01:00:00,A-61,9,28.0,65.0
1669,2023-09-18 02:00:00,A-61,9,27.950000000000003,65.0
1670,2023-09-18 03:00:00,A-61,9,27.90000000000001,64.5
1671,2023-09-18 04:00:00,A-61,9,27.90000000000001,64.0
1672,2023-09-18 05:00:00,A-61,9,27.85,63.0
1673,2023-09-18 06:00:00,A-61,9,27.8,63.0
1674,2023-09-18 07:00:00,A-61,9,27.85,62.5
1675,2023-09-18 08:00:00,A-61,9,27.8,61.5
1676,2023-10-02 09:00:00,A-61,10,27.800000000000004,62.0
1677,2023-10-03 19:00:00,A-61,10,27.4,61.5
1678,2023-10-03 20:00:00,A-61,10,27.65,60.5
1679,2023-10-05 06:00:00,A-61,10,26.5,61.0
1680,2023-10-05 07:00:00,A-61,10,26.566666666666663,61.0
1681,2023-10-05 08:00:00,A-61,10,26.599999999999994,61.0
1682,2023-10-05 09:00:00,A-61,10,26.73333333333333,61.0
1683,2023-10-05 10:00:00,A-61,10,26.90000000000001,61.0
1684,2023-10-05 11:00:00,A-61,10,27.133333333333336,60.66666666666666
1685,2023-10-05 12:00:00,A-61,10,27.099999999999994,61.0
1686,2023-10-05 13:00:00,A-61,10,27.0,61.0
1687,2023-10-05 14:00:00,A-61,10,27.25,61.0
1688,2023-10-05 15:00:00,A-61,10,27.700000000000003,62.0
1689,2023-10-05 16:00:00,A-61,10,28.6,64.5
1690,2023-10-06 08:00:00,A-61,10,27.55,60.5
1691,2023-10-06 09:00:00,A-61,10,28.15,62.5
1692,2023-10-13 19:00:00,A-61,10,26.7,60.5
1693,2023-10-16 06:00:00,A-61,10,25.200000000000003,60.5
1694,2023-10-16 07:00:00,A-61,10,25.200000000000003,61.0
1695,2023-10-16 08:00:00,A-61,10,25.099999999999994,61.5
1696,2023-10-17 16:00:00,A-61,10,25.75,63.0
1697,2023-10-17 17:00:00,A-61,10,26.5,65.5
1698,2023-10-17 18:00:00,A-61,10,26.950000000000003,65.5
1699,2023-10-17 19:00:00,A-61,10,26.90000000000001,63.5
1700,2023-10-17 20:00:00,A-61,10,26.65,63.0
1701,2023-10-17 21:00:00,A-61,10,26.200000000000003,64.5
1702,2023-10-17 22:00:00,A-61,10,25.75,65.0
1703,2023-10-17 23:00:00,A-61,10,25.4,65.0
1704,2023-10-18 00:00:00,A-61,10,25.15,66.0
1705,2023-10-18 10:00:00,A-61,10,25.700000000000003,67.66666666666667
1706,2023-10-18 11:00:00,A-61,10,26.099999999999994,66.5
1707,2023-10-18 12:00:00,A-61,10,26.099999999999994,65.0
1708,2023-10-18 13:00:00,A-61,10,26.200000000000003,64.0
1709,2023-10-18 14:00:00,A-61,10,26.200000000000003,64.0
1710,2023-10-18 15:00:00,A-61,10,26.200000000000003,63.5
1711,2023-10-18 16:00:00,A-61,10,26.3,62.5
1712,2023-10-18 17:00:00,A-61,10,26.35,62.0
1713,2023-10-18 18:00:00,A-61,10,26.35,60.5
1714,2023-10-19 22:00:00,A-61,10,26.0,62.5
1715,2023-10-19 23:00:00,A-61,10,25.6,63.0
1716,2023-10-23 11:00:00,A-61,10,25.45,64.5
1717,2023-10-23 12:00:00,A-61,10,25.700000000000003,63.5
1718,2023-10-23 13:00:00,A-61,10,25.050000000000004,63.0
1719,2023-06-09 21:00:00,A-62,6,26.099999999999994,61.0
1720,2023-06-09 22:00:00,A-62,6,26.0,62.0
1721,2023-06-09 23:00:00,A-62,6,26.0,62.0
1722,2023-06-21 20:00:00,A-62,6,27.950000000000003,60.5
1723,2023-06-21 21:00:00,A-62,6,27.85,61.0
1724,2023-06-21 22:00:00,A-62,6,27.8,61.0
1725,2023-06-21 23:00:00,A-62,6,27.8,61.0
1726,2023-09-15 16:00:00,A-62,9,28.099999999999994,61.0
1727,2023-09-18 00:00:00,A-62,9,28.099999999999994,64.0
1728,2023-09-18 01:00:00,A-62,9,28.05,65.0
1729,2023-09-18 02:00:00,A-62,9,28.0,65.5
1730,2023-09-18 03:00:00,A-62,9,27.950000000000003,65.0
1731,2023-09-18 04:00:00,A-62,9,27.90000000000001,64.5
1732,2023-09-18 05:00:00,A-62,9,27.90000000000001,64.0
1733,2023-09-18 06:00:00,A-62,9,27.85,63.0
1734,2023-09-18 07:00:00,A-62,9,27.8,63.0
1735,2023-09-18 08:00:00,A-62,9,27.8,63.0
1736,2023-09-18 09:00:00,A-62,9,28.0,61.5
1737,2023-10-02 09:00:00,A-62,10,28.050000000000004,61.5
1738,2023-10-03 18:00:00,A-62,10,27.450000000000003,61.0
1739,2023-10-03 19:00:00,A-62,10,27.35,61.5
1740,2023-10-03 20:00:00,A-62,10,27.5,61.5
1741,2023-10-03 21:00:00,A-62,10,27.5,61.0
1742,2023-10-16 06:00:00,A-62,10,25.200000000000003,60.5
1743,2023-10-16 07:00:00,A-62,10,25.099999999999994,61.5
1744,2023-10-16 08:00:00,A-62,10,25.099999999999994,62.0
1745,2023-10-17 13:00:00,A-62,10,25.65,60.5
1746,2023-10-17 14:00:00,A-62,10,25.85,60.5
1747,2023-10-17 15:00:00,A-62,10,25.700000000000003,60.5
1748,2023-10-17 16:00:00,A-62,10,25.700000000000003,61.0
1749,2023-10-17 17:00:00,A-62,10,25.700000000000003,61.5
1750,2023-10-17 18:00:00,A-62,10,25.700000000000003,63.0
1751,2023-10-17 19:00:00,A-62,10,25.700000000000003,64.0
1752,2023-10-17 20:00:00,A-62,10,25.65,64.0
1753,2023-10-17 21:00:00,A-62,10,25.55,65.0
1754,2023-10-17 22:00:00,A-62,10,25.40000000000001,65.0
1755,2023-10-17 23:00:00,A-62,10,25.3,65.0
1756,2023-10-18 00:00:00,A-62,10,25.200000000000003,65.0
1757,2023-10-18 01:00:00,A-62,10,25.15,65.0
1758,2023-10-18 02:00:00,A-62,10,25.099999999999994,65.0
1759,2023-10-18 03:00:00,A-62,10,25.05,65.0
1760,2023-10-18 09:00:00,A-62,10,25.75,67.0
1761,2023-10-18 10:00:00,A-62,10,26.15,67.0
1762,2023-10-18 11:00:00,A-62,10,26.40000000000001,66.5
1763,2023-10-18 12:00:00,A-62,10,26.25,63.0
1764,2023-10-18 13:00:00,A-62,10,26.099999999999994,63.0
1765,2023-10-18 14:00:00,A-62,10,26.05,63.0
1766,2023-10-18 15:00:00,A-62,10,26.05,63.0
1767,2023-10-18 16:00:00,A-62,10,26.05,62.0
1768,2023-10-18 17:00:00,A-62,10,25.950000000000003,60.5
1769,2023-10-19 22:00:00,A-62,10,26.0,61.0
1770,2023-10-19 23:00:00,A-62,10,25.700000000000003,63.0
1771,2023-10-20 00:00:00,A-62,10,25.5,62.0
1772,2023-10-23 10:00:00,A-62,10,25.15,66.5
1773,2023-10-23 11:00:00,A-62,10,25.200000000000003,63.0
