hour_of_day,season,day_of_week,"Comptador Campus Diagonal Sud 1 [kWh] [Sud 1 (ETSAB, EPSEB i FME)]",CS A,CS B,CS C,Electricitat Total,festiu
5,Autumn,Monday,126.45454545454545,27.462727272727275,1.3362727272727273,9.898363636363637,38.69736363636363,0.0
5,Autumn,Tuesday,131.76923076923077,26.909230769230767,0.5017692307692307,10.78053846153846,38.191538461538464,0.0
5,Autumn,Wednesday,131.25,27.261833333333332,0.6013333333333334,9.69975,37.562916666666666,0.0
5,Autumn,Thursday,132.75,29.869583333333335,0.29916666666666664,10.433916666666667,40.60266666666667,0.0
5,Autumn,Friday,129.92307692307693,28.586923076923078,1.2626923076923076,9.934846153846154,39.784461538461535,0.0
5,Spring,Monday,115.6,25.579,1.2864,10.193999999999999,37.0594,0.0
5,Spring,Tuesday,116.83333333333333,26.094166666666666,0.9944999999999999,9.0465,36.13516666666667,0.0
5,Spring,Wednesday,121.07692307692308,25.93769230769231,0.9243846153846156,10.814769230769231,37.67684615384615,0.0
5,Spring,Thursday,118.5,25.711166666666667,1.0300833333333332,9.673666666666668,36.41491666666666,0.0
5,Spring,Friday,118.16666666666667,25.754166666666666,2.0435,9.619666666666667,37.41733333333333,0.0
5,Summer,Monday,120.77777777777777,26.07166666666667,0.08055555555555555,9.140222222222222,35.29244444444444,0.0
5,Summer,Tuesday,126.25,27.045250000000003,2.0575,9.620375000000001,38.723125,0.0
5,Summer,Wednesday,131.875,26.1595,1.6624999999999999,10.806125,38.628125,0.0
5,Summer,Thursday,127.11111111111111,26.20711111111111,0.01411111111111111,8.553444444444445,34.77466666666667,0.0
5,Summer,Friday,126.88888888888889,25.04577777777778,0.022111111111111113,9.625555555555556,34.693444444444445,0.0
5,Vacation,Monday,98.16666666666667,19.927916666666665,0.8966666666666668,6.940583333333333,27.76516666666667,1.0
5,Vacation,Tuesday,99.44444444444444,20.21077777777778,0.029888888888888892,7.167222222222222,27.407888888888888,1.0
5,Vacation,Wednesday,105.9,20.0459,3.3230999999999993,8.3478,31.7168,1.0
5,Vacation,Thursday,103.0,19.4507,1.8715,8.5253,29.847500000000004,1.0
5,Vacation,Friday,97.625,18.722625,1.179,8.987625,28.88925,1.0
5,Winter,Monday,125.1,30.054399999999998,0.0788,17.7625,47.8957,0.0
5,Winter,Tuesday,128.4,30.7555,0.0371,17.441499999999998,48.2341,0.0
5,Winter,Wednesday,127.33333333333333,29.254111111111115,0.34877777777777774,17.88266666666667,47.48555555555556,0.0
5,Winter,Thursday,132.55555555555554,49.033,6.507666666666667,23.988444444444443,79.52911111111112,0.0
5,Winter,Friday,127.9,46.347300000000004,5.5682,22.124299999999998,74.0398,0.0
6,Autumn,Monday,198.1818181818182,39.601636363636366,15.788636363636364,14.11609090909091,69.50636363636363,0.0
6,Autumn,Tuesday,194.53846153846155,38.35107692307692,19.259615384615383,14.455615384615385,72.06630769230769,0.0
6,Autumn,Wednesday,205.0,37.96908333333334,15.45825,12.633249999999999,66.06058333333333,0.0
6,Autumn,Thursday,206.33333333333334,38.730916666666666,14.930749999999998,14.2585,67.92016666666667,0.0
6,Autumn,Friday,195.92307692307693,38.44746153846154,12.407307692307691,13.269692307692308,64.12446153846153,0.0
6,Spring,Monday,174.8,36.9166,1.3129,14.0743,52.3038,0.0
6,Spring,Tuesday,171.33333333333334,35.27583333333333,1.071,13.286333333333333,49.63316666666666,0.0
6,Spring,Wednesday,181.15384615384616,38.71484615384615,1.002230769230769,14.476461538461537,54.19353846153846,0.0
6,Spring,Thursday,184.25,41.85091666666667,1.10075,13.50175,56.45341666666667,0.0
6,Spring,Friday,176.5,38.945083333333336,2.128833333333333,13.570583333333333,54.6445,0.0
6,Summer,Monday,161.0,29.278111111111116,0.07833333333333332,10.113111111111111,39.46955555555556,0.0
6,Summer,Tuesday,169.125,30.532,2.328875,10.636375,43.49725,0.0
6,Summer,Wednesday,178.5,30.248375,1.7115,12.1755,44.135374999999996,0.0
6,Summer,Thursday,175.88888888888889,29.586444444444446,0.09677777777777778,9.979444444444445,39.66266666666667,0.0
6,Summer,Friday,176.22222222222223,28.323888888888888,0.13033333333333333,11.117222222222221,39.571444444444445,0.0
6,Vacation,Monday,115.5,25.044583333333335,1.6318333333333335,8.3925,35.06891666666667,1.0
6,Vacation,Tuesday,131.55555555555554,27.799333333333337,2.7476666666666665,10.186333333333332,40.733333333333334,1.0
6,Vacation,Wednesday,122.9,22.1017,5.910299999999999,10.4807,38.4927,1.0
6,Vacation,Thursday,130.0,25.19,5.643800000000001,10.6266,41.4604,1.0
6,Vacation,Friday,105.0,19.512249999999998,1.31825,9.302,30.1325,1.0
6,Winter,Monday,225.5,71.5976,4.1414,24.2982,100.03720000000001,0.0
6,Winter,Tuesday,225.1,66.8136,6.5146,24.5072,97.83539999999999,0.0
6,Winter,Wednesday,223.55555555555554,66.89533333333333,5.7715555555555556,24.221,96.88788888888888,0.0
6,Winter,Thursday,234.11111111111111,83.82344444444445,11.631222222222222,32.10177777777778,127.55644444444445,0.0
6,Winter,Friday,222.1,78.8994,13.4065,28.311,120.61690000000002,0.0
7,Autumn,Monday,309.54545454545456,51.57036363636364,34.414727272727276,26.344818181818184,112.32990909090908,0.0
7,Autumn,Tuesday,312.0769230769231,50.16676923076923,36.58307692307692,23.60630769230769,110.35615384615386,0.0
7,Autumn,Wednesday,315.0833333333333,46.294999999999995,34.59175,23.31266666666667,104.19941666666666,0.0
7,Autumn,Thursday,308.5833333333333,52.237833333333334,34.106249999999996,25.8075,112.15158333333333,0.0
7,Autumn,Friday,298.38461538461536,49.075923076923075,31.034461538461535,24.314999999999998,104.42538461538462,0.0
7,Spring,Monday,252.3,64.35130000000001,6.7904,23.8915,95.0332,0.0
7,Spring,Tuesday,240.33333333333334,53.771416666666674,6.955416666666667,23.009083333333333,83.73591666666667,0.0
7,Spring,Wednesday,249.15384615384616,59.83546153846154,8.458,24.182307692307692,92.47576923076923,0.0
7,Spring,Thursday,247.83333333333334,61.874249999999996,8.6915,25.099,95.66475000000001,0.0
7,Spring,Friday,244.75,58.955333333333336,8.516916666666665,24.923000000000002,92.39524999999999,0.0
7,Summer,Monday,266.44444444444446,37.217,8.094222222222221,16.734222222222222,62.04544444444444,0.0
7,Summer,Tuesday,286.25,39.05,8.2145,19.43125,66.69575,0.0
7,Summer,Wednesday,302.125,39.076125,8.327375,19.730999999999998,67.1345,0.0
7,Summer,Thursday,285.44444444444446,38.40577777777778,8.674444444444443,18.05077777777778,65.131,0.0
7,Summer,Friday,278.44444444444446,38.416111111111114,6.920888888888888,18.809888888888892,64.1468888888889,0.0
7,Vacation,Monday,149.0,29.780333333333335,6.929749999999999,9.993666666666668,46.70375000000001,1.0
7,Vacation,Tuesday,167.33333333333334,34.83711111111111,11.038000000000002,12.675222222222223,58.55033333333333,1.0
7,Vacation,Wednesday,147.2,24.8718,9.323,13.0442,47.239,1.0
7,Vacation,Thursday,159.2,28.7257,17.177500000000002,12.1824,58.0856,1.0
7,Vacation,Friday,117.5,20.925625,3.963,11.424624999999999,36.31325,1.0
7,Winter,Monday,354.1,108.84879999999998,41.7551,35.1117,185.7156,0.0
7,Winter,Tuesday,356.8,98.2899,39.4053,37.1452,174.8404,0.0
7,Winter,Wednesday,349.8888888888889,92.68655555555556,38.15244444444445,30.98788888888889,161.8268888888889,0.0
7,Winter,Thursday,357.22222222222223,110.24955555555556,40.470555555555556,40.40277777777778,191.1228888888889,0.0
7,Winter,Friday,340.4,105.8733,40.2406,37.1605,183.2744,0.0
8,Autumn,Monday,435.0,87.92390909090909,47.046454545454544,38.33672727272727,173.3070909090909,0.0
8,Autumn,Tuesday,440.0769230769231,85.58692307692307,47.261307692307696,37.295692307692306,170.14392307692307,0.0
8,Autumn,Wednesday,444.9166666666667,75.57575,46.919666666666664,38.10608333333333,160.6015,0.0
8,Autumn,Thursday,434.5833333333333,83.40541666666667,46.946333333333335,39.80083333333334,170.15258333333335,0.0
8,Autumn,Friday,401.61538461538464,72.10476923076924,42.70984615384616,33.64338461538462,148.45800000000003,0.0
8,Spring,Monday,325.5,87.1473,22.670099999999998,30.9654,140.7828,0.0
8,Spring,Tuesday,326.5,77.77875,21.765249999999998,31.74533333333333,131.28933333333333,0.0
8,Spring,Wednesday,322.3076923076923,88.57253846153846,25.725846153846152,32.13069230769231,146.42907692307693,0.0
8,Spring,Thursday,334.4166666666667,86.33541666666666,23.983916666666662,32.86333333333334,143.18266666666668,0.0
8,Spring,Friday,327.25,85.12808333333334,24.291416666666667,32.59166666666667,142.01116666666667,0.0
8,Summer,Monday,334.22222222222223,44.324333333333335,39.851777777777784,21.230888888888888,105.407,0.0
8,Summer,Tuesday,367.5,53.533625,36.074875,21.91875,111.52725000000001,0.0
8,Summer,Wednesday,401.5,52.691250000000004,40.069875,25.247374999999998,118.0085,0.0
8,Summer,Thursday,368.3333333333333,51.30688888888889,36.13944444444444,26.37,113.81633333333333,0.0
8,Summer,Friday,351.8888888888889,48.58144444444444,33.69577777777778,25.577444444444446,107.85466666666667,0.0
8,Vacation,Monday,147.0,40.90225,7.10025,12.34625,60.348749999999995,1.0
8,Vacation,Tuesday,178.22222222222223,46.885999999999996,11.438666666666666,15.16788888888889,73.49255555555555,1.0
8,Vacation,Wednesday,139.6,25.8394,10.6179,17.9777,54.435,1.0
8,Vacation,Thursday,166.3,37.7913,16.9879,17.4637,72.24289999999999,1.0
8,Vacation,Friday,100.75,21.011875,3.7017499999999997,15.365875,40.079499999999996,1.0
8,Winter,Monday,492.1,165.5894,51.0635,56.1345,272.7874,0.0
8,Winter,Tuesday,491.6,149.9397,52.1928,65.7981,267.9306,0.0
8,Winter,Wednesday,479.22222222222223,161.42655555555555,55.408,57.07677777777778,273.91133333333335,0.0
8,Winter,Thursday,491.0,166.6741111111111,51.461444444444446,54.34788888888889,272.48344444444444,0.0
8,Winter,Friday,456.72727272727275,162.6549090909091,49.60509090909091,52.448,264.708,0.0
9,Autumn,Monday,458.90909090909093,111.79618181818182,56.446000000000005,51.69018181818182,219.93236363636368,0.0
9,Autumn,Tuesday,460.61538461538464,110.959,55.60930769230769,49.65930769230769,216.22761538461538,0.0
9,Autumn,Wednesday,465.8333333333333,104.46916666666668,56.34016666666667,54.93691666666667,215.74625,0.0
9,Autumn,Thursday,464.5,109.43741666666666,55.137166666666666,54.27491666666666,218.8495,0.0
9,Autumn,Friday,415.3076923076923,99.51007692307692,53.369,44.79553846153846,197.67461538461538,0.0
9,Spring,Monday,335.8,108.6279,34.6968,41.1887,184.5134,0.0
9,Spring,Tuesday,342.4166666666667,108.85933333333332,33.08275,43.87641666666667,185.8185,0.0
9,Spring,Wednesday,324.84615384615387,114.24092307692308,33.652923076923074,43.78207692307693,191.67592307692306,0.0
9,Spring,Thursday,366.75,116.44058333333334,34.091166666666666,42.159,192.69074999999998,0.0
9,Spring,Friday,341.75,115.08999999999999,33.85425,43.066583333333334,192.01083333333335,0.0
9,Summer,Monday,360.1111111111111,60.94744444444445,56.95433333333334,26.453666666666667,144.35544444444446,0.0
9,Summer,Tuesday,407.75,74.4625,56.01775,24.141624999999998,154.621875,0.0
9,Summer,Wednesday,440.5,75.6575,57.4205,31.354625000000002,164.432625,0.0
9,Summer,Thursday,396.8888888888889,73.77822222222223,55.588,31.46677777777778,160.833,0.0
9,Summer,Friday,382.44444444444446,69.97711111111111,55.68344444444445,27.41411111111111,153.07466666666667,0.0
9,Vacation,Monday,122.75,43.47841666666667,9.21025,12.670666666666667,65.35933333333334,1.0
9,Vacation,Tuesday,154.22222222222223,48.28211111111111,10.818,16.479222222222223,75.57933333333334,1.0
9,Vacation,Wednesday,117.4,25.655099999999997,12.590900000000001,21.231,59.477,1.0
9,Vacation,Thursday,136.3,36.0731,19.7071,18.2585,74.03869999999999,1.0
9,Vacation,Friday,69.5,20.857125,3.425625,16.458750000000002,40.7415,1.0
9,Winter,Monday,527.4,174.66299999999998,51.669399999999996,62.979,289.3114,0.0
9,Winter,Tuesday,542.7,173.8621,51.0125,68.8333,293.7079,0.0
9,Winter,Wednesday,511.8888888888889,177.24044444444448,48.855444444444444,56.836555555555556,282.9324444444444,0.0
9,Winter,Thursday,521.1111111111111,183.3308888888889,46.75377777777778,57.653222222222226,287.7378888888889,0.0
9,Winter,Friday,473.6666666666667,163.9621111111111,45.236222222222224,52.54077777777778,261.73911111111113,0.0
10,Autumn,Monday,463.09090909090907,117.493,58.03081818181818,61.18381818181819,236.70763636363637,0.0
10,Autumn,Tuesday,456.3076923076923,118.58938461538462,57.200153846153846,58.204076923076926,233.99361538461537,0.0
10,Autumn,Wednesday,469.8333333333333,117.52908333333333,56.681999999999995,65.29333333333334,239.50441666666666,0.0
10,Autumn,Thursday,479.75,120.35808333333334,57.506,64.98775,242.8518333333333,0.0
10,Autumn,Friday,409.38461538461536,104.4253076923077,53.383692307692314,56.27761538461539,214.0866153846154,0.0
10,Spring,Monday,332.2,117.3513,38.2299,51.979499999999994,207.5607,0.0
10,Spring,Tuesday,347.8333333333333,117.94516666666668,37.141083333333334,49.85641666666667,204.94266666666667,0.0
10,Spring,Wednesday,306.0,124.69853846153848,36.72023076923077,49.91115384615385,211.32992307692308,0.0
10,Spring,Thursday,368.4166666666667,127.88258333333333,37.579,49.439083333333336,214.90066666666667,0.0
10,Spring,Friday,333.6666666666667,122.65266666666666,37.110166666666665,52.40841666666666,212.17125,0.0
10,Summer,Monday,391.6666666666667,65.4208888888889,61.26233333333333,34.81966666666667,161.5028888888889,0.0
10,Summer,Tuesday,438.0,83.2025,59.489875,28.046,170.738375,0.0
10,Summer,Wednesday,446.875,88.8255,66.329875,37.05225,192.207625,0.0
10,Summer,Thursday,413.6666666666667,84.8368888888889,59.305,40.303,184.44488888888887,0.0
10,Summer,Friday,390.44444444444446,82.04144444444445,62.769222222222226,32.38033333333333,177.191,0.0
10,Vacation,Monday,95.33333333333333,43.64383333333333,8.822916666666666,14.355833333333335,66.82258333333333,1.0
10,Vacation,Tuesday,122.11111111111111,49.08133333333333,9.974555555555556,16.727444444444444,75.78333333333335,1.0
10,Vacation,Wednesday,80.3,26.375800000000005,10.5096,20.441399999999998,57.326800000000006,1.0
10,Vacation,Thursday,110.4,30.110899999999997,12.7134,19.2714,62.0957,1.0
10,Vacation,Friday,39.875,20.592875,3.4608749999999997,16.369875,40.423625,1.0
10,Winter,Monday,514.0,179.4626,50.05,70.941,300.4536,0.0
10,Winter,Tuesday,561.0,193.6155,52.124300000000005,70.2659,316.00570000000005,0.0
10,Winter,Wednesday,504.0,184.08089999999999,46.318200000000004,61.219899999999996,291.619,0.0
10,Winter,Thursday,505.44444444444446,189.06411111111112,45.74944444444444,65.43944444444445,300.253,0.0
10,Winter,Friday,452.3,166.15320000000003,44.805600000000005,60.587599999999995,271.5464,0.0
11,Autumn,Monday,452.8181818181818,124.26481818181819,60.430454545454545,65.55254545454545,250.2478181818182,0.0
11,Autumn,Tuesday,446.61538461538464,125.10992307692308,58.58338461538462,63.81561538461539,247.50892307692308,0.0
11,Autumn,Wednesday,473.4166666666667,123.48808333333334,58.080749999999995,70.99133333333333,252.56016666666665,0.0
11,Autumn,Thursday,489.25,127.25383333333333,59.219166666666666,72.30383333333333,258.77683333333334,0.0
11,Autumn,Friday,408.0769230769231,111.22946153846154,55.923153846153845,64.28361538461539,231.4362307692308,0.0
11,Spring,Monday,313.6,121.7483,37.3742,53.8737,212.9962,0.0
11,Spring,Tuesday,318.4166666666667,123.92683333333333,35.336333333333336,54.25566666666666,213.51883333333333,0.0
11,Spring,Wednesday,284.7692307692308,124.96584615384616,35.08707692307692,55.01938461538461,215.0723076923077,0.0
11,Spring,Thursday,351.1666666666667,131.38891666666666,34.47975,56.99766666666667,222.86633333333336,0.0
11,Spring,Friday,328.8333333333333,126.38600000000001,34.86075,57.61966666666667,218.86641666666665,0.0
11,Summer,Monday,390.55555555555554,74.46555555555557,66.48544444444445,43.123999999999995,184.075,0.0
11,Summer,Tuesday,434.0,92.80562499999999,72.73025,32.056125,197.59199999999998,0.0
11,Summer,Wednesday,456.125,92.958125,69.592375,42.793625,205.344125,0.0
11,Summer,Thursday,426.55555555555554,92.72433333333333,71.53422222222223,43.88055555555556,208.1391111111111,0.0
11,Summer,Friday,386.6666666666667,88.37977777777778,69.64733333333334,38.22266666666666,196.24977777777778,0.0
11,Vacation,Monday,68.33333333333333,41.75383333333333,8.010333333333334,14.516083333333334,64.28025,1.0
11,Vacation,Tuesday,92.0,45.297,7.916,16.88577777777778,70.09877777777778,1.0
11,Vacation,Wednesday,61.3,25.5533,7.1659999999999995,19.381,52.10029999999999,1.0
11,Vacation,Thursday,83.3,36.184000000000005,11.8498,19.1786,67.2124,1.0
11,Vacation,Friday,21.875,20.491875,3.587,16.63925,40.718125,1.0
11,Winter,Monday,478.0,183.3434,36.8642,72.7757,292.9833,0.0
11,Winter,Tuesday,513.7,185.8098,38.2909,72.429,296.5297,0.0
11,Winter,Wednesday,458.25,184.6405,28.1475,60.7765,273.5645,0.0
11,Winter,Thursday,472.6666666666667,185.73655555555555,31.02777777777778,68.84233333333333,285.6066666666667,0.0
11,Winter,Friday,414.5,161.6293,32.555899999999994,66.7535,260.93870000000004,0.0
12,Autumn,Monday,443.8181818181818,120.98936363636363,63.37145454545455,68.26481818181819,252.62563636363637,0.0
12,Autumn,Tuesday,432.0769230769231,121.82246153846154,58.71515384615385,67.71846153846154,248.25607692307693,0.0
12,Autumn,Wednesday,458.0,122.35491666666667,60.69958333333333,77.48416666666667,260.53866666666664,0.0
12,Autumn,Thursday,492.4166666666667,127.99483333333335,61.59508333333333,79.83,269.41991666666667,0.0
12,Autumn,Friday,405.3076923076923,109.66938461538462,61.783,70.366,241.81838461538462,0.0
12,Spring,Monday,285.9,118.8862,40.5789,54.607000000000006,214.0721,0.0
12,Spring,Tuesday,303.6666666666667,121.83316666666667,39.02766666666667,55.38616666666667,216.24699999999999,0.0
12,Spring,Wednesday,289.2307692307692,124.91792307692307,36.265692307692305,58.76076923076923,219.94438461538462,0.0
12,Spring,Thursday,328.1666666666667,131.53833333333333,33.82758333333333,60.29291666666666,225.65883333333332,0.0
12,Spring,Friday,308.75,125.33725,36.941250000000004,62.46066666666667,224.73916666666665,0.0
12,Summer,Monday,367.8888888888889,78.55633333333333,70.69422222222222,45.013444444444445,194.264,0.0
12,Summer,Tuesday,449.125,98.29475000000001,72.67375,38.255875,209.224375,0.0
12,Summer,Wednesday,449.375,101.167625,70.03525,46.984625,218.1875,0.0
12,Summer,Thursday,411.77777777777777,100.58866666666667,70.99933333333334,48.07622222222223,219.66422222222224,0.0
12,Summer,Friday,388.1111111111111,94.2278888888889,73.58188888888888,41.220222222222226,209.03,0.0
12,Vacation,Monday,48.833333333333336,40.71,5.81975,14.245916666666666,60.775666666666666,1.0
12,Vacation,Tuesday,82.11111111111111,44.331,5.589111111111111,17.605555555555558,67.52566666666667,1.0
12,Vacation,Wednesday,43.7,25.274,5.3815,20.0131,50.668600000000005,1.0
12,Vacation,Thursday,73.1,35.3838,10.036100000000001,18.423000000000002,63.84290000000001,1.0
12,Vacation,Friday,18.25,20.248,3.611375,16.783625,40.643,1.0
12,Winter,Monday,444.9,168.741,37.3087,72.6113,278.661,0.0
12,Winter,Tuesday,486.2,176.9962,37.1933,70.6687,284.8582,0.0
12,Winter,Wednesday,426.6666666666667,177.29333333333332,31.564444444444444,62.44155555555556,271.2993333333333,0.0
12,Winter,Thursday,434.8888888888889,169.92911111111113,31.836555555555556,68.34077777777777,270.10644444444443,0.0
12,Winter,Friday,386.0,148.9914,33.7291,65.95009999999999,248.6706,0.0
13,Autumn,Monday,433.6363636363636,116.99072727272727,65.31918181818182,68.52718181818182,250.8370909090909,0.0
13,Autumn,Tuesday,413.9230769230769,118.31776923076924,59.99153846153846,67.40638461538461,245.7156923076923,0.0
13,Autumn,Wednesday,440.0,121.9425,62.089,82.39558333333333,266.4270833333333,0.0
13,Autumn,Thursday,458.8333333333333,123.68408333333333,63.36191666666667,82.49974999999999,269.54575,0.0
13,Autumn,Friday,391.53846153846155,108.11800000000001,62.60361538461538,71.73369230769231,242.45530769230768,0.0
13,Spring,Monday,279.4,117.391,47.277300000000004,51.6129,216.28119999999998,0.0
13,Spring,Tuesday,280.6666666666667,119.34666666666668,51.88491666666667,52.656000000000006,223.8875833333333,0.0
13,Spring,Wednesday,261.2307692307692,125.012,48.55761538461539,59.87892307692307,233.44853846153848,0.0
13,Spring,Thursday,309.5,128.43083333333334,45.39266666666666,59.13425,232.95775,0.0
13,Spring,Friday,282.0,122.95983333333334,45.14758333333333,62.702999999999996,230.81041666666667,0.0
13,Summer,Monday,347.22222222222223,80.89966666666666,70.34933333333333,46.50333333333333,197.75233333333333,0.0
13,Summer,Tuesday,406.125,100.35875,78.57775,47.225875,226.162375,0.0
13,Summer,Wednesday,424.375,103.085875,74.09175,49.773375,226.951,0.0
13,Summer,Thursday,368.6666666666667,102.63399999999999,71.84266666666667,51.50944444444445,225.98611111111111,0.0
13,Summer,Friday,353.8888888888889,95.30111111111111,76.73255555555556,49.08544444444445,221.1191111111111,0.0
13,Vacation,Monday,52.916666666666664,39.69975,6.03325,14.9995,60.732499999999995,1.0
13,Vacation,Tuesday,78.55555555555556,42.219,5.499888888888889,17.948666666666668,65.66755555555557,1.0
13,Vacation,Wednesday,45.1,26.539800000000003,5.522,18.713900000000002,50.7757,1.0
13,Vacation,Thursday,62.8,31.7771,10.091,18.1554,60.0235,1.0
13,Vacation,Friday,19.25,20.11475,3.414875,16.6055,40.135125,1.0
13,Winter,Monday,418.0,156.83499999999998,39.4885,69.6674,265.9909,0.0
13,Winter,Tuesday,441.7,159.7676,37.652699999999996,65.06269999999999,262.483,0.0
13,Winter,Wednesday,419.22222222222223,167.44744444444444,31.53922222222222,62.36233333333333,261.349,0.0
13,Winter,Thursday,406.1111111111111,164.34066666666666,32.54044444444445,64.78677777777779,261.6678888888889,0.0
13,Winter,Friday,357.2,141.0059,35.2233,64.6338,240.863,0.0
14,Autumn,Monday,400.90909090909093,112.69454545454546,63.134181818181816,65.46445454545454,241.2931818181818,0.0
14,Autumn,Tuesday,409.0769230769231,113.40446153846155,64.49076923076923,63.178538461538466,241.07376923076924,0.0
14,Autumn,Wednesday,419.6666666666667,120.38499999999999,62.79683333333333,79.01258333333334,262.19441666666665,0.0
14,Autumn,Thursday,425.5833333333333,117.00600000000001,63.69091666666666,78.02116666666667,258.71808333333337,0.0
14,Autumn,Friday,339.61538461538464,102.467,63.20369230769231,69.1853846153846,234.85607692307693,0.0
14,Spring,Monday,250.9,112.7868,39.1981,48.000299999999996,199.9852,0.0
14,Spring,Tuesday,260.4166666666667,115.14058333333332,42.275666666666666,47.691833333333335,205.10808333333333,0.0
14,Spring,Wednesday,252.76923076923077,119.80953846153845,39.602384615384615,56.35030769230769,215.76223076923077,0.0
14,Spring,Thursday,287.25,124.14083333333333,41.20141666666667,54.64575,219.98799999999997,0.0
14,Spring,Friday,265.5,116.25675,35.47391666666667,59.01933333333333,210.75,0.0
14,Summer,Monday,296.55555555555554,78.82455555555555,67.57766666666667,48.151,194.55322222222222,0.0
14,Summer,Tuesday,368.25,100.49125000000001,71.555,48.243874999999996,220.290125,0.0
14,Summer,Wednesday,400.375,101.400375,71.057125,48.937125,221.394625,0.0
14,Summer,Thursday,349.1111111111111,99.07966666666667,63.17555555555556,48.233444444444444,210.4886666666667,0.0
14,Summer,Friday,290.6666666666667,93.78766666666667,70.8608888888889,48.14866666666667,212.79722222222222,0.0
14,Vacation,Monday,44.083333333333336,38.05833333333333,5.442,15.048250000000001,58.54858333333333,1.0
14,Vacation,Tuesday,64.77777777777777,39.717999999999996,5.327444444444444,18.35033333333333,63.39577777777778,1.0
14,Vacation,Wednesday,40.8,25.3508,5.2177,17.8852,48.453700000000005,1.0
14,Vacation,Thursday,50.4,29.253300000000003,7.3003,17.8555,54.4091,1.0
14,Vacation,Friday,27.25,19.853125,3.4217500000000003,16.233999999999998,39.508875,1.0
14,Winter,Monday,398.1,143.0042,36.5191,64.05170000000001,243.575,0.0
14,Winter,Tuesday,402.1,142.23520000000002,36.7139,59.9336,238.88270000000003,0.0
14,Winter,Wednesday,392.6666666666667,154.72511111111112,31.292888888888893,58.641666666666666,244.65966666666665,0.0
14,Winter,Thursday,381.1111111111111,153.75255555555557,33.285222222222224,59.28433333333333,246.32211111111116,0.0
14,Winter,Friday,302.7,125.6481,31.2015,52.8051,209.6547,0.0
15,Autumn,Monday,431.0,106.18945454545455,60.92309090909091,69.38672727272727,236.49927272727274,0.0
15,Autumn,Tuesday,432.2307692307692,108.51707692307693,63.938153846153845,63.394999999999996,235.85023076923076,0.0
15,Autumn,Wednesday,447.0833333333333,111.28425,60.5105,74.67991666666667,246.47466666666665,0.0
15,Autumn,Thursday,452.75,108.73466666666667,62.16983333333334,71.91508333333333,242.81958333333333,0.0
15,Autumn,Friday,339.53846153846155,93.64230769230768,58.4646923076923,57.91407692307693,210.02107692307692,0.0
15,Spring,Monday,307.8,110.1715,50.7648,47.8178,208.75410000000002,0.0
15,Spring,Tuesday,295.1666666666667,107.01691666666666,52.37116666666666,44.16758333333333,203.55566666666667,0.0
15,Spring,Wednesday,291.0769230769231,113.2383846153846,51.55446153846154,51.00584615384616,215.7986923076923,0.0
15,Spring,Thursday,329.3333333333333,115.41908333333333,52.178,51.33541666666667,218.9325,0.0
15,Spring,Friday,274.1666666666667,109.13791666666667,44.56666666666666,51.32958333333334,205.03416666666666,0.0
15,Summer,Monday,287.77777777777777,69.1511111111111,46.492,43.90311111111111,159.5462222222222,0.0
15,Summer,Tuesday,341.625,91.453875,62.985,42.334625,196.7735,0.0
15,Summer,Wednesday,383.125,91.300625,60.21725,46.9445,198.46237499999998,0.0
15,Summer,Thursday,320.22222222222223,93.39255555555556,57.977777777777774,48.87133333333333,200.24166666666667,0.0
15,Summer,Friday,246.44444444444446,79.85322222222221,60.11855555555556,42.973111111111116,182.94488888888887,0.0
15,Vacation,Monday,59.166666666666664,36.24791666666666,3.6965833333333333,14.771416666666667,54.715916666666665,1.0
15,Vacation,Tuesday,71.55555555555556,37.04888888888889,4.758444444444445,17.680888888888887,59.48822222222222,1.0
15,Vacation,Wednesday,43.3,23.25,4.064,16.7389,44.0529,1.0
15,Vacation,Thursday,46.6,27.839999999999996,5.436100000000001,17.3113,50.587399999999995,1.0
15,Vacation,Friday,31.5,19.833,3.531375,15.9085,39.272875,1.0
15,Winter,Monday,441.1,137.2027,44.0084,69.8573,251.06840000000003,0.0
15,Winter,Tuesday,437.9,137.3752,46.477199999999996,63.0332,246.88559999999998,0.0
15,Winter,Wednesday,406.44444444444446,145.04855555555557,40.54377777777778,62.22022222222222,247.81255555555558,0.0
15,Winter,Thursday,414.44444444444446,144.9961111111111,42.09755555555555,62.57088888888888,249.66455555555552,0.0
15,Winter,Friday,332.2,106.93769999999999,39.7911,54.1097,200.8385,0.0
16,Autumn,Monday,462.1818181818182,104.19390909090909,55.292545454545454,76.11581818181818,235.60227272727272,0.0
16,Autumn,Tuesday,457.15384615384613,104.23423076923078,58.781461538461535,71.39853846153846,234.41423076923076,0.0
16,Autumn,Wednesday,466.0833333333333,108.4325,55.466833333333334,81.70866666666667,245.60799999999998,0.0
16,Autumn,Thursday,475.4166666666667,105.66991666666667,56.978166666666674,79.56391666666667,242.212,0.0
16,Autumn,Friday,360.2307692307692,89.45738461538461,48.36484615384615,57.453384615384614,195.27561538461538,0.0
16,Spring,Monday,335.0,107.4096,49.0463,53.770900000000005,210.2268,0.0
16,Spring,Tuesday,303.0833333333333,105.12766666666666,51.67391666666666,49.31783333333333,206.11941666666667,0.0
16,Spring,Wednesday,311.6923076923077,112.92453846153846,52.348,56.69223076923077,221.96476923076924,0.0
16,Spring,Thursday,354.3333333333333,114.11225,54.2115,60.796666666666674,229.12041666666667,0.0
16,Spring,Friday,298.1666666666667,102.58216666666665,43.211000000000006,55.05191666666667,200.84508333333335,0.0
16,Summer,Monday,289.3333333333333,61.295222222222215,23.116888888888887,41.46277777777778,125.87488888888889,0.0
16,Summer,Tuesday,344.5,82.340125,33.972875,41.60525,157.91825,0.0
16,Summer,Wednesday,361.5,83.372625,35.218125,50.600750000000005,169.1915,0.0
16,Summer,Thursday,331.44444444444446,85.82377777777778,27.982111111111113,50.50977777777778,164.3156666666667,0.0
16,Summer,Friday,233.44444444444446,68.96577777777777,27.793555555555557,39.65455555555556,136.4138888888889,0.0
16,Vacation,Monday,77.66666666666667,37.55141666666667,3.8450833333333336,13.90275,55.29925,1.0
16,Vacation,Tuesday,98.0,39.20522222222222,5.800111111111111,16.045444444444446,61.050777777777775,1.0
16,Vacation,Wednesday,58.0,22.271700000000003,3.6062,15.758199999999999,41.6361,1.0
16,Vacation,Thursday,64.3,27.979600000000005,5.325200000000001,16.6632,49.968,1.0
16,Vacation,Friday,43.375,19.69,3.6412500000000003,12.88925,36.2205,1.0
16,Winter,Monday,469.3,136.0378,50.1265,68.9673,255.1316,0.0
16,Winter,Tuesday,469.5,142.3482,50.0755,63.62949999999999,256.0532,0.0
16,Winter,Wednesday,447.77777777777777,148.04477777777777,44.24711111111111,60.54944444444444,252.84133333333335,0.0
16,Winter,Thursday,454.1111111111111,149.57100000000003,47.57533333333333,59.544,256.6903333333333,0.0
16,Winter,Friday,359.2,106.2325,36.582100000000004,50.869099999999996,193.6837,0.0
17,Autumn,Monday,473.3636363636364,108.26681818181818,55.78563636363637,77.93109090909091,241.98354545454546,0.0
17,Autumn,Tuesday,470.2307692307692,104.31061538461539,59.04946153846154,73.04061538461539,236.40069230769228,0.0
17,Autumn,Wednesday,470.1666666666667,110.80733333333332,55.124500000000005,78.719,244.65083333333334,0.0
17,Autumn,Thursday,482.0,110.43849999999999,56.47833333333333,81.34008333333334,248.25691666666668,0.0
17,Autumn,Friday,376.15384615384613,90.84146153846154,47.94746153846154,57.06861538461538,195.85753846153847,0.0
17,Spring,Monday,352.8,108.968,49.0816,53.301199999999994,211.3508,0.0
17,Spring,Tuesday,334.25,105.21766666666667,45.687916666666666,50.43325000000001,201.33883333333333,0.0
17,Spring,Wednesday,344.46153846153845,111.59323076923077,48.05907692307692,59.729615384615386,219.3819230769231,0.0
17,Spring,Thursday,374.5,115.05900000000001,45.897166666666664,61.21966666666666,222.17583333333334,0.0
17,Spring,Friday,313.4166666666667,101.43758333333334,43.387166666666666,52.082750000000004,196.9075,0.0
17,Summer,Monday,284.0,56.79944444444445,22.450222222222223,40.80911111111111,120.05877777777778,0.0
17,Summer,Tuesday,326.5,75.8315,33.014624999999995,40.41275,149.258875,0.0
17,Summer,Wednesday,352.25,79.96900000000001,34.495374999999996,47.20775,161.672125,0.0
17,Summer,Thursday,329.55555555555554,80.99522222222222,31.95077777777778,46.00544444444444,158.95144444444443,0.0
17,Summer,Friday,222.11111111111111,64.93377777777778,25.52433333333333,36.17111111111112,126.62922222222223,0.0
17,Vacation,Monday,97.91666666666667,37.86575,4.115666666666667,11.43575,53.41716666666667,1.0
17,Vacation,Tuesday,119.66666666666667,39.91833333333333,6.687111111111111,13.339444444444446,59.94488888888889,1.0
17,Vacation,Wednesday,76.5,22.1938,3.7239000000000004,14.567000000000002,40.484700000000004,1.0
17,Vacation,Thursday,84.1,28.2171,5.361199999999999,16.3512,49.929500000000004,1.0
17,Vacation,Friday,57.25,19.760125,3.66975,12.547875,35.97775,1.0
17,Winter,Monday,477.8,136.48409999999998,50.3706,65.0318,251.88649999999998,0.0
17,Winter,Tuesday,492.4,149.0825,49.534800000000004,66.1275,264.74480000000005,0.0
17,Winter,Wednesday,474.8888888888889,155.02366666666668,43.70555555555555,61.14044444444445,259.8696666666667,0.0
17,Winter,Thursday,477.55555555555554,154.469,48.496,58.306888888888885,261.2718888888889,0.0
17,Winter,Friday,391.9,122.08869999999999,45.7139,50.254000000000005,218.05659999999997,0.0
18,Autumn,Monday,454.45454545454544,109.41236363636364,55.91672727272728,73.66109090909092,238.99018181818184,0.0
18,Autumn,Tuesday,459.0,102.07638461538461,58.30615384615385,70.99646153846153,231.37900000000002,0.0
18,Autumn,Wednesday,462.25,108.36099999999999,53.62566666666667,72.30841666666666,234.29508333333334,0.0
18,Autumn,Thursday,465.0833333333333,107.58141666666666,56.80408333333333,78.40641666666666,242.79191666666668,0.0
18,Autumn,Friday,381.0769230769231,85.74569230769231,46.84615384615385,56.17376923076923,188.7656153846154,0.0
18,Spring,Monday,363.1,111.26849999999999,40.2012,53.990700000000004,205.4604,0.0
18,Spring,Tuesday,350.5833333333333,106.42666666666666,40.998916666666666,54.4315,201.85708333333332,0.0
18,Spring,Wednesday,353.46153846153845,109.66992307692308,45.83953846153846,59.64753846153846,215.157,0.0
18,Spring,Thursday,378.1666666666667,114.41616666666665,47.00933333333333,61.36116666666667,222.78666666666666,0.0
18,Spring,Friday,317.4166666666667,100.13666666666666,41.53458333333334,49.39775,191.069,0.0
18,Summer,Monday,267.1111111111111,55.36911111111111,22.617222222222225,34.42444444444445,112.41077777777778,0.0
18,Summer,Tuesday,327.125,70.108375,32.334624999999996,34.57875,137.02175,0.0
18,Summer,Wednesday,333.25,75.8385,33.843,40.0285,149.71,0.0
18,Summer,Thursday,322.0,77.16433333333333,27.40666666666667,42.08166666666667,146.65266666666668,0.0
18,Summer,Friday,246.0,58.50588888888889,21.754444444444445,29.80077777777778,110.0611111111111,0.0
18,Vacation,Monday,112.25,34.471916666666665,3.2000833333333336,10.655166666666666,48.32716666666666,1.0
18,Vacation,Tuesday,125.88888888888889,35.39344444444444,5.902444444444445,12.017333333333333,53.31322222222222,1.0
18,Vacation,Wednesday,95.5,21.4887,3.6545,13.955000000000002,39.098200000000006,1.0
18,Vacation,Thursday,104.7,27.521500000000003,5.4353,15.676999999999998,48.6338,1.0
18,Vacation,Friday,79.25,19.15625,3.9751250000000002,11.9475,35.078875000000004,1.0
18,Winter,Monday,459.6,143.098,39.166,63.4119,245.6759,0.0
18,Winter,Tuesday,465.3,143.7397,40.3378,60.571600000000004,244.6491,0.0
18,Winter,Wednesday,446.22222222222223,151.18866666666668,37.195,59.16522222222222,247.54888888888888,0.0
18,Winter,Thursday,452.44444444444446,149.97155555555554,36.78366666666667,55.746,242.50122222222222,0.0
18,Winter,Friday,377.0,121.9097,37.4409,46.7382,206.0888,0.0
19,Autumn,Monday,399.54545454545456,103.70345454545455,53.078545454545456,64.17127272727272,220.95327272727272,0.0
19,Autumn,Tuesday,404.0769230769231,96.71092307692308,55.36915384615384,62.26484615384615,214.34492307692307,0.0
19,Autumn,Wednesday,407.6666666666667,104.30683333333333,52.666,65.63033333333333,222.60316666666665,0.0
19,Autumn,Thursday,415.4166666666667,102.11983333333335,52.86291666666667,72.63199999999999,227.61475,0.0
19,Autumn,Friday,346.0769230769231,85.85853846153847,44.09723076923077,49.941923076923075,179.89769230769232,0.0
19,Spring,Monday,341.6,111.0885,34.5152,50.289500000000004,195.8932,0.0
19,Spring,Tuesday,333.6666666666667,103.86508333333332,35.16025,51.11483333333334,190.14016666666666,0.0
19,Spring,Wednesday,333.53846153846155,106.05930769230768,39.83653846153846,56.447923076923075,200.98046153846155,0.0
19,Spring,Thursday,352.0,113.70224999999999,36.3925,57.59983333333333,207.69458333333333,0.0
19,Spring,Friday,296.75,98.21366666666667,36.21008333333334,45.449083333333334,179.87283333333335,0.0
19,Summer,Monday,237.22222222222223,51.672555555555554,22.17688888888889,29.746111111111116,103.59555555555556,0.0
19,Summer,Tuesday,285.0,70.03575,31.623375000000003,33.755625,135.41475,0.0
19,Summer,Wednesday,284.875,68.69200000000001,30.51,34.7295,133.9315,0.0
19,Summer,Thursday,280.77777777777777,67.13011111111112,34.01144444444444,36.70488888888889,137.84644444444444,0.0
19,Summer,Friday,237.88888888888889,56.236444444444444,25.339333333333332,26.003444444444444,107.57922222222221,0.0
19,Vacation,Monday,126.0,34.35433333333334,2.982666666666667,10.3025,47.6395,1.0
19,Vacation,Tuesday,139.33333333333334,33.754777777777775,5.308222222222223,11.708666666666666,50.771666666666675,1.0
19,Vacation,Wednesday,110.6,21.4625,3.5429000000000004,13.756,38.761399999999995,1.0
19,Vacation,Thursday,122.4,27.8899,4.1979,15.614799999999999,47.702600000000004,1.0
19,Vacation,Friday,98.25,18.9555,2.82075,11.715,33.49125,1.0
19,Winter,Monday,410.3,132.5638,31.151799999999998,59.79110000000001,223.5067,0.0
19,Winter,Tuesday,411.1,132.3632,30.188599999999997,53.9332,216.48499999999999,0.0
19,Winter,Wednesday,396.0,143.00544444444444,31.806777777777782,55.121111111111105,229.93333333333334,0.0
19,Winter,Thursday,404.8888888888889,141.90033333333335,31.819333333333336,51.80455555555555,225.52422222222222,0.0
19,Winter,Friday,340.3,114.8536,31.4416,41.361000000000004,187.65619999999998,0.0
20,Autumn,Monday,221.8181818181818,80.73590909090909,29.732727272727274,45.64154545454546,156.11018181818181,0.0
20,Autumn,Tuesday,242.07692307692307,80.09284615384614,39.58123076923077,45.13423076923077,164.80830769230766,0.0
20,Autumn,Wednesday,248.5,89.84833333333334,39.03916666666667,49.58991666666666,178.4774166666667,0.0
20,Autumn,Thursday,252.5,82.33033333333333,38.63041666666667,61.39425,182.355,0.0
20,Autumn,Friday,216.3846153846154,72.71969230769231,31.128307692307693,37.542,141.39,0.0
20,Spring,Monday,239.9,97.6597,23.256,37.6008,158.5165,0.0
20,Spring,Tuesday,252.83333333333334,91.30341666666668,27.109083333333334,41.35158333333333,159.76408333333333,0.0
20,Spring,Wednesday,255.07692307692307,95.69192307692309,28.74776923076923,45.706307692307696,170.14600000000002,0.0
20,Spring,Thursday,263.8333333333333,98.36200000000001,26.27541666666667,47.23133333333333,171.86875,0.0
20,Spring,Friday,232.16666666666666,87.11216666666667,26.945083333333333,32.41583333333333,146.47308333333334,0.0
20,Summer,Monday,173.22222222222223,43.58233333333333,14.492111111111111,22.090333333333334,80.16477777777777,0.0
20,Summer,Tuesday,207.375,57.472375,19.697125,28.57575,105.74525,0.0
20,Summer,Wednesday,204.875,58.252,21.642375,27.460375,107.35475,0.0
20,Summer,Thursday,205.55555555555554,57.578,20.900777777777776,29.839444444444446,108.31822222222223,0.0
20,Summer,Friday,182.55555555555554,51.65888888888889,17.171555555555557,21.906,90.73644444444444,0.0
20,Vacation,Monday,120.75,33.61866666666667,0.6326666666666666,9.7225,43.97383333333334,1.0
20,Vacation,Tuesday,127.55555555555556,32.268,2.983,11.554,46.805,1.0
20,Vacation,Wednesday,110.9,21.1908,3.5713,13.400299999999998,38.162400000000005,1.0
20,Vacation,Thursday,115.5,24.8278,1.9685,14.663,41.4593,1.0
20,Vacation,Friday,100.25,18.706625,1.289,10.4035,30.399125,1.0
20,Winter,Monday,247.8,84.8296,1.4642,37.3007,123.5945,0.0
20,Winter,Tuesday,258.3,84.63879999999999,8.303999999999998,36.7284,129.6712,0.0
20,Winter,Wednesday,259.6666666666667,109.17566666666667,14.27877777777778,39.41833333333333,162.87277777777777,0.0
20,Winter,Thursday,266.6666666666667,106.09044444444446,12.819777777777778,39.962777777777774,158.873,0.0
20,Winter,Friday,229.3,80.6079,8.2621,26.459300000000002,115.32929999999999,0.0
21,Autumn,Monday,143.63636363636363,50.286272727272724,3.2768181818181814,21.145909090909093,74.709,0.0
21,Autumn,Tuesday,162.53846153846155,54.50069230769231,9.796153846153846,27.322692307692307,91.61953846153847,0.0
21,Autumn,Wednesday,159.58333333333334,65.73891666666667,11.264583333333333,28.67016666666667,105.67366666666668,0.0
21,Autumn,Thursday,165.91666666666666,54.50233333333333,8.391583333333333,38.13708333333333,101.031,0.0
21,Autumn,Friday,150.76923076923077,52.44469230769231,9.712846153846154,21.317923076923076,83.47546153846154,0.0
21,Spring,Monday,161.4,67.86760000000001,5.354699999999999,23.542099999999998,96.7644,0.0
21,Spring,Tuesday,161.66666666666666,67.62375,18.32725,29.73483333333333,115.68583333333333,0.0
21,Spring,Wednesday,166.92307692307693,68.82915384615384,13.543538461538462,30.698076923076922,113.07076923076923,0.0
21,Spring,Thursday,168.0,70.89766666666667,14.0805,31.323166666666665,116.30133333333333,0.0
21,Spring,Friday,158.41666666666666,62.65758333333333,14.338500000000002,20.909333333333333,97.90541666666667,0.0
21,Summer,Monday,147.11111111111111,38.229777777777784,2.549888888888889,15.006333333333336,55.786,0.0
21,Summer,Tuesday,163.125,48.569625,10.538,20.3545,79.462125,0.0
21,Summer,Wednesday,161.25,48.859125,10.238375,19.672375,78.769875,0.0
21,Summer,Thursday,159.77777777777777,51.46911111111111,11.595777777777776,21.195666666666668,84.26055555555554,0.0
21,Summer,Friday,148.11111111111111,45.173,6.812777777777779,16.633,68.61877777777778,0.0
21,Vacation,Monday,112.75,28.312416666666667,0.8729999999999999,8.2895,37.474916666666665,1.0
21,Vacation,Tuesday,117.11111111111111,26.489222222222224,2.6737777777777776,10.289333333333333,39.452333333333335,1.0
21,Vacation,Wednesday,108.8,20.8213,3.621,11.380500000000001,35.8228,1.0
21,Vacation,Thursday,109.8,22.330599999999997,2.218,12.583099999999998,37.1317,1.0
21,Vacation,Friday,100.375,18.661,1.2962500000000001,8.902625,28.859875000000002,1.0
21,Winter,Monday,158.9,45.5405,0.0809,18.219900000000003,63.841300000000004,0.0
21,Winter,Tuesday,165.9,44.1736,2.1642,23.6271,69.9649,0.0
21,Winter,Wednesday,175.66666666666666,69.45344444444444,6.573333333333333,29.543888888888887,105.57066666666667,0.0
21,Winter,Thursday,171.88888888888889,66.75077777777778,6.186888888888889,28.369999999999997,101.30766666666666,0.0
21,Winter,Friday,155.9,46.714999999999996,0.3384,16.651400000000002,63.7048,0.0
22,Autumn,Monday,130.8181818181818,32.195454545454545,0.157,12.799818181818182,45.15227272727273,0.0
22,Autumn,Tuesday,136.46153846153845,35.232076923076924,1.3871538461538462,18.13469230769231,54.75392307692308,0.0
22,Autumn,Wednesday,139.41666666666666,38.211416666666665,0.51225,16.222166666666666,54.94583333333333,0.0
22,Autumn,Thursday,139.0,35.461666666666666,0.26308333333333334,22.541166666666665,58.26591666666667,0.0
22,Autumn,Friday,138.0,35.71530769230769,1.9860769230769226,13.017153846153848,50.718538461538465,0.0
22,Spring,Monday,138.9,41.5822,5.2775,12.117,58.97670000000001,0.0
22,Spring,Tuesday,135.91666666666666,40.25908333333333,1.8975833333333334,17.20875,59.36541666666667,0.0
22,Spring,Wednesday,140.3846153846154,41.08446153846153,4.610230769230769,17.52523076923077,63.21992307692308,0.0
22,Spring,Thursday,137.25,43.268499999999996,4.718416666666667,17.095583333333334,65.0825,0.0
22,Spring,Friday,136.5,40.5655,5.4545,12.294083333333333,58.314083333333336,0.0
22,Summer,Monday,131.77777777777777,34.04488888888889,2.3379999999999996,11.794222222222222,48.17711111111111,0.0
22,Summer,Tuesday,145.75,37.47525,3.658625,14.539375,55.673249999999996,0.0
22,Summer,Wednesday,145.125,37.487,3.942125,13.547,54.976125,0.0
22,Summer,Thursday,142.88888888888889,37.44411111111111,3.890666666666667,15.135777777777779,56.470555555555556,0.0
22,Summer,Friday,138.22222222222223,34.645,2.1694444444444447,13.025333333333332,49.839777777777776,0.0
22,Vacation,Monday,107.0,22.89316666666667,0.9865,8.074250000000001,31.953916666666668,1.0
22,Vacation,Tuesday,108.55555555555556,21.513777777777776,2.723666666666667,8.390333333333334,32.62777777777777,1.0
22,Vacation,Wednesday,106.7,20.1754,3.5072,9.807500000000001,33.4901,1.0
22,Vacation,Thursday,107.6,21.262800000000002,2.091,10.5024,33.8562,1.0
22,Vacation,Friday,99.875,18.233125,1.230875,8.3005,27.764499999999998,1.0
22,Winter,Monday,135.9,32.536500000000004,0.12250000000000001,15.8632,48.5222,0.0
22,Winter,Tuesday,136.4,34.083600000000004,0.32659999999999995,16.444200000000002,50.8544,0.0
22,Winter,Wednesday,142.33333333333334,52.135000000000005,6.500222222222223,23.57411111111111,82.20933333333333,0.0
22,Winter,Thursday,136.22222222222223,51.604000000000006,6.2892222222222225,21.804333333333332,79.69755555555555,0.0
22,Winter,Friday,134.9,34.1824,0.0471,15.3339,49.563399999999994,0.0
